{
	"ImportPath": "k8s.io/apiserver",
	"GoVersion": "unknown",
	"GodepVersion": "gen-godeps",
	"Packages": [
		"./..."
	],
	"Deps": [
		{
			"ImportPath": "cloud.google.com/go",
			"Rev": "v0.38.0"
		},
		{
			"ImportPath": "github.com/Azure/go-ansiterm",
			"Rev": "d6e3b3328b78"
		},
		{
			"ImportPath": "github.com/Azure/go-autorest/autorest",
			"Rev": "v0.9.0"
		},
		{
			"ImportPath": "github.com/Azure/go-autorest/autorest/adal",
			"Rev": "v0.5.0"
		},
		{
			"ImportPath": "github.com/Azure/go-autorest/autorest/date",
			"Rev": "v0.1.0"
		},
		{
			"ImportPath": "github.com/Azure/go-autorest/autorest/mocks",
			"Rev": "v0.2.0"
		},
		{
			"ImportPath": "github.com/Azure/go-autorest/logger",
			"Rev": "v0.1.0"
		},
		{
			"ImportPath": "github.com/Azure/go-autorest/tracing",
			"Rev": "v0.5.0"
		},
		{
			"ImportPath": "github.com/BurntSushi/toml",
			"Rev": "v0.3.1"
		},
		{
			"ImportPath": "github.com/NYTimes/gziphandler",
			"Rev": "56545f4a5d46"
		},
		{
			"ImportPath": "github.com/PuerkitoBio/purell",
			"Rev": "v1.1.1"
		},
		{
			"ImportPath": "github.com/PuerkitoBio/urlesc",
			"Rev": "de5bf2ad4578"
		},
		{
			"ImportPath": "github.com/beorn7/perks",
			"Rev": "3a771d992973"
		},
		{
			"ImportPath": "github.com/blang/semver",
			"Rev": "v3.5.0"
		},
		{
			"ImportPath": "github.com/client9/misspell",
			"Rev": "v0.3.4"
		},
		{
			"ImportPath": "github.com/coreos/bbolt",
			"Rev": "v1.3.1-coreos.6"
		},
		{
			"ImportPath": "github.com/coreos/etcd",
			"Rev": "v3.3.15"
		},
		{
			"ImportPath": "github.com/coreos/go-oidc",
			"Rev": "v2.1.0"
		},
		{
			"ImportPath": "github.com/coreos/go-semver",
			"Rev": "v0.3.0"
		},
		{
			"ImportPath": "github.com/coreos/go-systemd",
			"Rev": "39ca1b05acc7"
		},
		{
			"ImportPath": "github.com/coreos/pkg",
			"Rev": "97fdf19511ea"
		},
		{
			"ImportPath": "github.com/davecgh/go-spew",
			"Rev": "v1.1.1"
		},
		{
			"ImportPath": "github.com/dgrijalva/jwt-go",
			"Rev": "v3.2.0"
		},
		{
			"ImportPath": "github.com/docker/docker",
			"Rev": "be7ac8be2ae0"
		},
		{
			"ImportPath": "github.com/docker/spdystream",
			"Rev": "449fdfce4d96"
		},
		{
			"ImportPath": "github.com/elazarl/goproxy",
			"Rev": "c4fc26588b6e"
		},
		{
			"ImportPath": "github.com/emicklei/go-restful",
			"Rev": "v2.9.5"
		},
		{
			"ImportPath": "github.com/evanphx/json-patch",
			"Rev": "v4.2.0"
		},
		{
			"ImportPath": "github.com/fsnotify/fsnotify",
			"Rev": "v1.4.7"
		},
		{
			"ImportPath": "github.com/ghodss/yaml",
			"Rev": "73d445a93680"
		},
		{
			"ImportPath": "github.com/go-logr/logr",
			"Rev": "v0.1.0"
		},
		{
			"ImportPath": "github.com/go-openapi/jsonpointer",
			"Rev": "v0.19.2"
		},
		{
			"ImportPath": "github.com/go-openapi/jsonreference",
			"Rev": "v0.19.2"
		},
		{
			"ImportPath": "github.com/go-openapi/spec",
			"Rev": "v0.19.2"
		},
		{
			"ImportPath": "github.com/go-openapi/swag",
			"Rev": "v0.19.2"
		},
		{
			"ImportPath": "github.com/gogo/protobuf",
			"Rev": "65acae22fc9d"
		},
		{
			"ImportPath": "github.com/golang/glog",
			"Rev": "23def4e6c14b"
		},
		{
			"ImportPath": "github.com/golang/groupcache",
			"Rev": "02826c3e7903"
		},
		{
			"ImportPath": "github.com/golang/mock",
			"Rev": "v1.2.0"
		},
		{
			"ImportPath": "github.com/golang/protobuf",
			"Rev": "v1.3.1"
		},
		{
			"ImportPath": "github.com/google/btree",
			"Rev": "4030bb1f1f0c"
		},
		{
			"ImportPath": "github.com/google/go-cmp",
			"Rev": "v0.3.0"
		},
		{
			"ImportPath": "github.com/google/gofuzz",
			"Rev": "v1.0.0"
		},
		{
			"ImportPath": "github.com/google/martian",
			"Rev": "v2.1.0"
		},
		{
			"ImportPath": "github.com/google/pprof",
			"Rev": "3ea8567a2e57"
		},
		{
			"ImportPath": "github.com/google/uuid",
			"Rev": "v1.1.1"
		},
		{
			"ImportPath": "github.com/googleapis/gax-go/v2",
			"Rev": "v2.0.4"
		},
		{
			"ImportPath": "github.com/googleapis/gnostic",
			"Rev": "0c5108395e2d"
		},
		{
			"ImportPath": "github.com/gophercloud/gophercloud",
			"Rev": "v0.1.0"
		},
		{
			"ImportPath": "github.com/gorilla/websocket",
			"Rev": "v1.4.0"
		},
		{
			"ImportPath": "github.com/gregjones/httpcache",
			"Rev": "787624de3eb7"
		},
		{
			"ImportPath": "github.com/grpc-ecosystem/go-grpc-middleware",
			"Rev": "cfaf5686ec79"
		},
		{
			"ImportPath": "github.com/grpc-ecosystem/go-grpc-prometheus",
			"Rev": "v1.2.0"
		},
		{
			"ImportPath": "github.com/grpc-ecosystem/grpc-gateway",
			"Rev": "v1.3.0"
		},
		{
			"ImportPath": "github.com/hashicorp/golang-lru",
			"Rev": "v0.5.1"
		},
		{
			"ImportPath": "github.com/hpcloud/tail",
			"Rev": "v1.0.0"
		},
		{
			"ImportPath": "github.com/imdario/mergo",
			"Rev": "v0.3.5"
		},
		{
			"ImportPath": "github.com/jonboulle/clockwork",
			"Rev": "v0.1.0"
		},
		{
			"ImportPath": "github.com/json-iterator/go",
			"Rev": "v1.1.7"
		},
		{
			"ImportPath": "github.com/jstemmer/go-junit-report",
			"Rev": "af01ea7f8024"
		},
		{
			"ImportPath": "github.com/kisielk/errcheck",
			"Rev": "v1.2.0"
		},
		{
			"ImportPath": "github.com/kisielk/gotool",
			"Rev": "v1.0.0"
		},
		{
			"ImportPath": "github.com/konsorten/go-windows-terminal-sequences",
			"Rev": "v1.0.1"
		},
		{
			"ImportPath": "github.com/kr/pretty",
			"Rev": "v0.1.0"
		},
		{
			"ImportPath": "github.com/kr/pty",
			"Rev": "v1.1.5"
		},
		{
			"ImportPath": "github.com/kr/text",
			"Rev": "v0.1.0"
		},
		{
			"ImportPath": "github.com/mailru/easyjson",
			"Rev": "94de47d64c63"
		},
		{
			"ImportPath": "github.com/matttproud/golang_protobuf_extensions",
			"Rev": "v1.0.1"
		},
		{
			"ImportPath": "github.com/modern-go/concurrent",
			"Rev": "bacd9c7ef1dd"
		},
		{
			"ImportPath": "github.com/modern-go/reflect2",
			"Rev": "v1.0.1"
		},
		{
			"ImportPath": "github.com/munnerz/goautoneg",
			"Rev": "a547fc61f48d"
		},
		{
			"ImportPath": "github.com/mxk/go-flowrate",
			"Rev": "cca7078d478f"
		},
		{
			"ImportPath": "github.com/onsi/ginkgo",
			"Rev": "v1.8.0"
		},
		{
			"ImportPath": "github.com/onsi/gomega",
			"Rev": "v1.5.0"
		},
		{
			"ImportPath": "github.com/pborman/uuid",
			"Rev": "v1.2.0"
		},
		{
			"ImportPath": "github.com/peterbourgon/diskv",
			"Rev": "v2.0.1"
		},
		{
			"ImportPath": "github.com/pkg/errors",
			"Rev": "v0.8.0"
		},
		{
			"ImportPath": "github.com/pmezard/go-difflib",
			"Rev": "v1.0.0"
		},
		{
			"ImportPath": "github.com/pquerna/cachecontrol",
			"Rev": "0dec1b30a021"
		},
		{
			"ImportPath": "github.com/prometheus/client_golang",
			"Rev": "v0.9.2"
		},
		{
			"ImportPath": "github.com/prometheus/client_model",
			"Rev": "5c3871d89910"
		},
		{
			"ImportPath": "github.com/prometheus/common",
			"Rev": "4724e9255275"
		},
		{
			"ImportPath": "github.com/prometheus/procfs",
			"Rev": "1dc9a6cbc91a"
		},
		{
			"ImportPath": "github.com/sirupsen/logrus",
			"Rev": "v1.4.2"
		},
		{
			"ImportPath": "github.com/soheilhy/cmux",
			"Rev": "v0.1.3"
		},
		{
			"ImportPath": "github.com/spf13/afero",
			"Rev": "v1.2.2"
		},
		{
			"ImportPath": "github.com/spf13/pflag",
			"Rev": "v1.0.3"
		},
		{
			"ImportPath": "github.com/stretchr/objx",
			"Rev": "v0.2.0"
		},
		{
			"ImportPath": "github.com/stretchr/testify",
			"Rev": "v1.3.0"
		},
		{
			"ImportPath": "github.com/tmc/grpc-websocket-proxy",
			"Rev": "89b8d40f7ca8"
		},
		{
			"ImportPath": "github.com/xiang90/probing",
			"Rev": "07dd2e8dfe18"
		},
		{
			"ImportPath": "go.opencensus.io",
			"Rev": "v0.21.0"
		},
		{
			"ImportPath": "go.uber.org/atomic",
			"Rev": "8dc6146f7569"
		},
		{
			"ImportPath": "go.uber.org/multierr",
			"Rev": "ddea229ff1df"
		},
		{
			"ImportPath": "go.uber.org/zap",
			"Rev": "67bc79d13d15"
		},
		{
			"ImportPath": "golang.org/x/crypto",
			"Rev": "e84da0312774"
		},
		{
			"ImportPath": "golang.org/x/exp",
			"Rev": "509febef88a4"
		},
		{
			"ImportPath": "golang.org/x/lint",
			"Rev": "8f45f776aaf1"
		},
		{
			"ImportPath": "golang.org/x/net",
			"Rev": "cdfb69ac37fc"
		},
		{
			"ImportPath": "golang.org/x/oauth2",
			"Rev": "9f3314589c9a"
		},
		{
			"ImportPath": "golang.org/x/sync",
			"Rev": "42b317875d0f"
		},
		{
			"ImportPath": "golang.org/x/sys",
			"Rev": "3b5209105503"
		},
		{
			"ImportPath": "golang.org/x/text",
			"Rev": "e6919f6577db"
		},
		{
			"ImportPath": "golang.org/x/time",
			"Rev": "f51c12702a4d"
		},
		{
			"ImportPath": "golang.org/x/tools",
			"Rev": "5aca471b1d59"
		},
		{
			"ImportPath": "google.golang.org/api",
			"Rev": "v0.4.0"
		},
		{
			"ImportPath": "google.golang.org/appengine",
			"Rev": "v1.5.0"
		},
		{
			"ImportPath": "google.golang.org/genproto",
			"Rev": "54afdca5d873"
		},
		{
			"ImportPath": "google.golang.org/grpc",
			"Rev": "v1.23.0"
		},
		{
			"ImportPath": "gopkg.in/check.v1",
			"Rev": "788fd7840127"
		},
		{
			"ImportPath": "gopkg.in/fsnotify.v1",
			"Rev": "v1.4.7"
		},
		{
			"ImportPath": "gopkg.in/inf.v0",
			"Rev": "v0.9.0"
		},
		{
			"ImportPath": "gopkg.in/natefinch/lumberjack.v2",
			"Rev": "v2.0.0"
		},
		{
			"ImportPath": "gopkg.in/square/go-jose.v2",
			"Rev": "v2.2.2"
		},
		{
			"ImportPath": "gopkg.in/tomb.v1",
			"Rev": "dd632973f1e7"
		},
		{
			"ImportPath": "gopkg.in/yaml.v2",
			"Rev": "v2.2.2"
		},
		{
			"ImportPath": "gotest.tools",
			"Rev": "v2.2.0"
		},
		{
			"ImportPath": "honnef.co/go/tools",
			"Rev": "ea95bdfd59fc"
		},
		{
			"ImportPath": "k8s.io/api",
			"Rev": "95b840bb6a1f"
		},
		{
			"ImportPath": "k8s.io/apimachinery",
			"Rev": "27d36303b655"
		},
		{
			"ImportPath": "k8s.io/client-go",
			"Rev": "1fbdaa4c8d90"
		},
		{
			"ImportPath": "k8s.io/component-base",
			"Rev": "547f6c5d7090"
		},
		{
			"ImportPath": "k8s.io/gengo",
			"Rev": "0689ccc1d7d6"
		},
		{
			"ImportPath": "k8s.io/klog",
			"Rev": "v0.4.0"
		},
		{
			"ImportPath": "k8s.io/kube-openapi",
			"Rev": "743ec37842bf"
		},
		{
			"ImportPath": "k8s.io/utils",
			"Rev": "581e00157fb1"
		},
		{
			"ImportPath": "sigs.k8s.io/structured-merge-diff",
			"Rev": "6149e4549fca"
		},
		{
			"ImportPath": "sigs.k8s.io/yaml",
			"Rev": "v1.1.0"
		}
	]
}