{
	"ImportPath": "k8s.io/kube-aggregator",
	"GoVersion": "go1.12",
	"GodepVersion": "v80-k8s-r1",
	"Packages": [
		"./..."
	],
	"Deps": [
		{
			"ImportPath": "github.com/NYTimes/gziphandler",
			"Rev": "56545f4a5d46df9a6648819d1664c3a03a13ffdb"
		},
		{
			"ImportPath": "github.com/PuerkitoBio/purell",
			"Rev": "8a290539e2e8629dbc4e6bad948158f790ec31f4"
		},
		{
			"ImportPath": "github.com/PuerkitoBio/urlesc",
			"Rev": "5bd2802263f21d8788851d5305584c82a5c75d7e"
		},
		{
			"ImportPath": "github.com/beorn7/perks/quantile",
			"Rev": "3ac7bf7a47d159a033b107610db8a1b6575507a4"
		},
		{
			"ImportPath": "github.com/coreos/etcd/auth/authpb",
			"Rev": "27fc7e2296f506182f58ce846e48f36b34fe6842"
		},
		{
			"ImportPath": "github.com/coreos/etcd/clientv3",
			"Rev": "27fc7e2296f506182f58ce846e48f36b34fe6842"
		},
		{
			"ImportPath": "github.com/coreos/etcd/etcdserver/api/v3rpc/rpctypes",
			"Rev": "27fc7e2296f506182f58ce846e48f36b34fe6842"
		},
		{
			"ImportPath": "github.com/coreos/etcd/etcdserver/etcdserverpb",
			"Rev": "27fc7e2296f506182f58ce846e48f36b34fe6842"
		},
		{
			"ImportPath": "github.com/coreos/etcd/mvcc/mvccpb",
			"Rev": "27fc7e2296f506182f58ce846e48f36b34fe6842"
		},
		{
			"ImportPath": "github.com/coreos/etcd/pkg/tlsutil",
			"Rev": "27fc7e2296f506182f58ce846e48f36b34fe6842"
		},
		{
			"ImportPath": "github.com/coreos/etcd/pkg/transport",
			"Rev": "27fc7e2296f506182f58ce846e48f36b34fe6842"
		},
		{
			"ImportPath": "github.com/coreos/etcd/pkg/types",
			"Rev": "27fc7e2296f506182f58ce846e48f36b34fe6842"
		},
		{
			"ImportPath": "github.com/coreos/go-systemd/daemon",
			"Rev": "39ca1b05acc7ad1220e09f133283b8859a8b71ab"
		},
		{
			"ImportPath": "github.com/davecgh/go-spew/spew",
			"Rev": "782f4967f2dc4564575ca782fe2d04090b5faca8"
		},
		{
			"ImportPath": "github.com/docker/spdystream",
			"Rev": "449fdfce4d962303d702fec724ef0ad181c92528"
		},
		{
			"ImportPath": "github.com/docker/spdystream/spdy",
			"Rev": "449fdfce4d962303d702fec724ef0ad181c92528"
		},
		{
			"ImportPath": "github.com/emicklei/go-restful",
			"Rev": "ff4f55a206334ef123e4f79bbf348980da81ca46"
		},
		{
			"ImportPath": "github.com/emicklei/go-restful/log",
			"Rev": "ff4f55a206334ef123e4f79bbf348980da81ca46"
		},
		{
			"ImportPath": "github.com/evanphx/json-patch",
			"Rev": "5858425f75500d40c52783dce87d085a483ce135"
		},
		{
			"ImportPath": "github.com/go-openapi/jsonpointer",
			"Rev": "ef5f0afec364d3b9396b7b77b43dbe26bf1f8004"
		},
		{
			"ImportPath": "github.com/go-openapi/jsonreference",
			"Rev": "8483a886a90412cd6858df4ea3483dce9c8e35a3"
		},
		{
			"ImportPath": "github.com/go-openapi/spec",
			"Rev": "5bae59e25b21498baea7f9d46e9c147ec106a42e"
		},
		{
			"ImportPath": "github.com/go-openapi/swag",
			"Rev": "5899d5c5e619fda5fa86e14795a835f473ca284c"
		},
		{
			"ImportPath": "github.com/gogo/protobuf/gogoproto",
			"Rev": "342cbe0a04158f6dcb03ca0079991a51a4248c02"
		},
		{
			"ImportPath": "github.com/gogo/protobuf/proto",
			"Rev": "342cbe0a04158f6dcb03ca0079991a51a4248c02"
		},
		{
			"ImportPath": "github.com/gogo/protobuf/protoc-gen-gogo/descriptor",
			"Rev": "342cbe0a04158f6dcb03ca0079991a51a4248c02"
		},
		{
			"ImportPath": "github.com/gogo/protobuf/sortkeys",
			"Rev": "342cbe0a04158f6dcb03ca0079991a51a4248c02"
		},
		{
			"ImportPath": "github.com/golang/groupcache/lru",
			"Rev": "02826c3e79038b59d737d3b1c0a1d937f71a4433"
		},
		{
			"ImportPath": "github.com/golang/protobuf/proto",
			"Rev": "b4deda0973fb4c70b50d226b1af49f3da59f5265"
		},
		{
			"ImportPath": "github.com/golang/protobuf/ptypes",
			"Rev": "b4deda0973fb4c70b50d226b1af49f3da59f5265"
		},
		{
			"ImportPath": "github.com/golang/protobuf/ptypes/any",
			"Rev": "b4deda0973fb4c70b50d226b1af49f3da59f5265"
		},
		{
			"ImportPath": "github.com/golang/protobuf/ptypes/duration",
			"Rev": "b4deda0973fb4c70b50d226b1af49f3da59f5265"
		},
		{
			"ImportPath": "github.com/golang/protobuf/ptypes/timestamp",
			"Rev": "b4deda0973fb4c70b50d226b1af49f3da59f5265"
		},
		{
			"ImportPath": "github.com/google/gofuzz",
			"Rev": "24818f796faf91cd76ec7bddd72458fbced7a6c1"
		},
		{
			"ImportPath": "github.com/googleapis/gnostic/OpenAPIv2",
			"Rev": "0c5108395e2debce0d731cf0287ddf7242066aba"
		},
		{
			"ImportPath": "github.com/googleapis/gnostic/compiler",
			"Rev": "0c5108395e2debce0d731cf0287ddf7242066aba"
		},
		{
			"ImportPath": "github.com/googleapis/gnostic/extensions",
			"Rev": "0c5108395e2debce0d731cf0287ddf7242066aba"
		},
		{
			"ImportPath": "github.com/grpc-ecosystem/go-grpc-prometheus",
			"Rev": "2500245aa6110c562d17020fb31a2c133d737799"
		},
		{
			"ImportPath": "github.com/hashicorp/golang-lru",
			"Rev": "20f1fb78b0740ba8c3cb143a61e86ba5c8669768"
		},
		{
			"ImportPath": "github.com/hashicorp/golang-lru/simplelru",
			"Rev": "20f1fb78b0740ba8c3cb143a61e86ba5c8669768"
		},
		{
			"ImportPath": "github.com/imdario/mergo",
			"Rev": "9316a62528ac99aaecb4e47eadd6dc8aa6533d58"
		},
		{
			"ImportPath": "github.com/inconshreveable/mousetrap",
			"Rev": "76626ae9c91c4f2a10f34cad8ce83ea42c93bb75"
		},
		{
			"ImportPath": "github.com/json-iterator/go",
			"Rev": "ab8a2e0c74be9d3be70b3184d9acc634935ded82"
		},
		{
			"ImportPath": "github.com/mailru/easyjson/buffer",
			"Rev": "2f5df55504ebc322e4d52d34df6a1f5b503bf26d"
		},
		{
			"ImportPath": "github.com/mailru/easyjson/jlexer",
			"Rev": "2f5df55504ebc322e4d52d34df6a1f5b503bf26d"
		},
		{
			"ImportPath": "github.com/mailru/easyjson/jwriter",
			"Rev": "2f5df55504ebc322e4d52d34df6a1f5b503bf26d"
		},
		{
			"ImportPath": "github.com/matttproud/golang_protobuf_extensions/pbutil",
			"Rev": "c12348ce28de40eed0136aa2b644d0ee0650e56c"
		},
		{
			"ImportPath": "github.com/modern-go/concurrent",
			"Rev": "bacd9c7ef1dd9b15be4a9909b8ac7a4e313eec94"
		},
		{
			"ImportPath": "github.com/modern-go/reflect2",
			"Rev": "94122c33edd36123c84d5368cfb2b69df93a0ec8"
		},
		{
			"ImportPath": "github.com/munnerz/goautoneg",
			"Rev": "a547fc61f48d567d5b4ec6f8aee5573d8efce11d"
		},
		{
			"ImportPath": "github.com/mxk/go-flowrate/flowrate",
			"Rev": "cca7078d478f8520f85629ad7c68962d31ed7682"
		},
		{
			"ImportPath": "github.com/pborman/uuid",
			"Rev": "ca53cad383cad2479bbba7f7a1a05797ec1386e4"
		},
		{
			"ImportPath": "github.com/pmezard/go-difflib/difflib",
			"Rev": "5d4384ee4fb2527b0a1256a821ebfc92f91efefc"
		},
		{
			"ImportPath": "github.com/prometheus/client_golang/prometheus",
			"Rev": "505eaef017263e299324067d40ca2c48f6a2cf50"
		},
		{
			"ImportPath": "github.com/prometheus/client_golang/prometheus/internal",
			"Rev": "505eaef017263e299324067d40ca2c48f6a2cf50"
		},
		{
			"ImportPath": "github.com/prometheus/client_model/go",
			"Rev": "fa8ad6fec33561be4280a8f0514318c79d7f6cb6"
		},
		{
			"ImportPath": "github.com/prometheus/common/expfmt",
			"Rev": "cfeb6f9992ffa54aaa4f2170ade4067ee478b250"
		},
		{
			"ImportPath": "github.com/prometheus/common/internal/bitbucket.org/ww/goautoneg",
			"Rev": "cfeb6f9992ffa54aaa4f2170ade4067ee478b250"
		},
		{
			"ImportPath": "github.com/prometheus/common/model",
			"Rev": "cfeb6f9992ffa54aaa4f2170ade4067ee478b250"
		},
		{
			"ImportPath": "github.com/prometheus/procfs",
			"Rev": "65c1f6f8f0fc1e2185eb9863a3bc751496404259"
		},
		{
			"ImportPath": "github.com/prometheus/procfs/xfs",
			"Rev": "65c1f6f8f0fc1e2185eb9863a3bc751496404259"
		},
		{
			"ImportPath": "github.com/spf13/cobra",
			"Rev": "c439c4fa093711d42e1b01acb1235b52004753c1"
		},
		{
			"ImportPath": "github.com/spf13/pflag",
			"Rev": "583c0c0531f06d5278b7d917446061adc344b5cd"
		},
		{
			"ImportPath": "github.com/stretchr/testify/assert",
			"Rev": "c679ae2cc0cb27ec3293fea7e254e47386f05d69"
		},
		{
			"ImportPath": "golang.org/x/crypto/ssh/terminal",
			"Rev": "de0752318171da717af4ce24d0a2e8626afaeb11"
		},
		{
			"ImportPath": "golang.org/x/net/context",
			"Rev": "65e2d4e15006aab9813ff8769e768bbf4bb667a0"
		},
		{
			"ImportPath": "golang.org/x/net/html",
			"Rev": "65e2d4e15006aab9813ff8769e768bbf4bb667a0"
		},
		{
			"ImportPath": "golang.org/x/net/html/atom",
			"Rev": "65e2d4e15006aab9813ff8769e768bbf4bb667a0"
		},
		{
			"ImportPath": "golang.org/x/net/http/httpguts",
			"Rev": "65e2d4e15006aab9813ff8769e768bbf4bb667a0"
		},
		{
			"ImportPath": "golang.org/x/net/http2",
			"Rev": "65e2d4e15006aab9813ff8769e768bbf4bb667a0"
		},
		{
			"ImportPath": "golang.org/x/net/http2/hpack",
			"Rev": "65e2d4e15006aab9813ff8769e768bbf4bb667a0"
		},
		{
			"ImportPath": "golang.org/x/net/idna",
			"Rev": "65e2d4e15006aab9813ff8769e768bbf4bb667a0"
		},
		{
			"ImportPath": "golang.org/x/net/internal/timeseries",
			"Rev": "65e2d4e15006aab9813ff8769e768bbf4bb667a0"
		},
		{
			"ImportPath": "golang.org/x/net/trace",
			"Rev": "65e2d4e15006aab9813ff8769e768bbf4bb667a0"
		},
		{
			"ImportPath": "golang.org/x/net/websocket",
			"Rev": "65e2d4e15006aab9813ff8769e768bbf4bb667a0"
		},
		{
			"ImportPath": "golang.org/x/oauth2",
			"Rev": "a6bd8cefa1811bd24b86f8902872e4e8225f74c4"
		},
		{
			"ImportPath": "golang.org/x/oauth2/internal",
			"Rev": "a6bd8cefa1811bd24b86f8902872e4e8225f74c4"
		},
		{
			"ImportPath": "golang.org/x/sys/unix",
			"Rev": "95c6576299259db960f6c5b9b69ea52422860fce"
		},
		{
			"ImportPath": "golang.org/x/sys/windows",
			"Rev": "95c6576299259db960f6c5b9b69ea52422860fce"
		},
		{
			"ImportPath": "golang.org/x/text/cases",
			"Rev": "b19bf474d317b857955b12035d2c5acb57ce8b01"
		},
		{
			"ImportPath": "golang.org/x/text/internal",
			"Rev": "b19bf474d317b857955b12035d2c5acb57ce8b01"
		},
		{
			"ImportPath": "golang.org/x/text/internal/tag",
			"Rev": "b19bf474d317b857955b12035d2c5acb57ce8b01"
		},
		{
			"ImportPath": "golang.org/x/text/language",
			"Rev": "b19bf474d317b857955b12035d2c5acb57ce8b01"
		},
		{
			"ImportPath": "golang.org/x/text/runes",
			"Rev": "b19bf474d317b857955b12035d2c5acb57ce8b01"
		},
		{
			"ImportPath": "golang.org/x/text/secure/bidirule",
			"Rev": "b19bf474d317b857955b12035d2c5acb57ce8b01"
		},
		{
			"ImportPath": "golang.org/x/text/secure/precis",
			"Rev": "b19bf474d317b857955b12035d2c5acb57ce8b01"
		},
		{
			"ImportPath": "golang.org/x/text/transform",
			"Rev": "b19bf474d317b857955b12035d2c5acb57ce8b01"
		},
		{
			"ImportPath": "golang.org/x/text/unicode/bidi",
			"Rev": "b19bf474d317b857955b12035d2c5acb57ce8b01"
		},
		{
			"ImportPath": "golang.org/x/text/unicode/norm",
			"Rev": "b19bf474d317b857955b12035d2c5acb57ce8b01"
		},
		{
			"ImportPath": "golang.org/x/text/width",
			"Rev": "b19bf474d317b857955b12035d2c5acb57ce8b01"
		},
		{
			"ImportPath": "golang.org/x/time/rate",
			"Rev": "f51c12702a4d776e4c1fa9b0fabab841babae631"
		},
		{
			"ImportPath": "google.golang.org/genproto/googleapis/rpc/status",
			"Rev": "09f6ed296fc66555a25fe4ce95173148778dfa85"
		},
		{
			"ImportPath": "google.golang.org/grpc",
			"Rev": "168a6198bcb0ef175f7dacec0b8691fc141dc9b8"
		},
		{
			"ImportPath": "google.golang.org/grpc/balancer",
			"Rev": "168a6198bcb0ef175f7dacec0b8691fc141dc9b8"
		},
		{
			"ImportPath": "google.golang.org/grpc/balancer/base",
			"Rev": "168a6198bcb0ef175f7dacec0b8691fc141dc9b8"
		},
		{
			"ImportPath": "google.golang.org/grpc/balancer/roundrobin",
			"Rev": "168a6198bcb0ef175f7dacec0b8691fc141dc9b8"
		},
		{
			"ImportPath": "google.golang.org/grpc/codes",
			"Rev": "168a6198bcb0ef175f7dacec0b8691fc141dc9b8"
		},
		{
			"ImportPath": "google.golang.org/grpc/connectivity",
			"Rev": "168a6198bcb0ef175f7dacec0b8691fc141dc9b8"
		},
		{
			"ImportPath": "google.golang.org/grpc/credentials",
			"Rev": "168a6198bcb0ef175f7dacec0b8691fc141dc9b8"
		},
		{
			"ImportPath": "google.golang.org/grpc/encoding",
			"Rev": "168a6198bcb0ef175f7dacec0b8691fc141dc9b8"
		},
		{
			"ImportPath": "google.golang.org/grpc/encoding/proto",
			"Rev": "168a6198bcb0ef175f7dacec0b8691fc141dc9b8"
		},
		{
			"ImportPath": "google.golang.org/grpc/grpclog",
			"Rev": "168a6198bcb0ef175f7dacec0b8691fc141dc9b8"
		},
		{
			"ImportPath": "google.golang.org/grpc/health/grpc_health_v1",
			"Rev": "168a6198bcb0ef175f7dacec0b8691fc141dc9b8"
		},
		{
			"ImportPath": "google.golang.org/grpc/internal",
			"Rev": "168a6198bcb0ef175f7dacec0b8691fc141dc9b8"
		},
		{
			"ImportPath": "google.golang.org/grpc/internal/backoff",
			"Rev": "168a6198bcb0ef175f7dacec0b8691fc141dc9b8"
		},
		{
			"ImportPath": "google.golang.org/grpc/internal/channelz",
			"Rev": "168a6198bcb0ef175f7dacec0b8691fc141dc9b8"
		},
		{
			"ImportPath": "google.golang.org/grpc/internal/grpcrand",
			"Rev": "168a6198bcb0ef175f7dacec0b8691fc141dc9b8"
		},
		{
			"ImportPath": "google.golang.org/grpc/keepalive",
			"Rev": "168a6198bcb0ef175f7dacec0b8691fc141dc9b8"
		},
		{
			"ImportPath": "google.golang.org/grpc/metadata",
			"Rev": "168a6198bcb0ef175f7dacec0b8691fc141dc9b8"
		},
		{
			"ImportPath": "google.golang.org/grpc/naming",
			"Rev": "168a6198bcb0ef175f7dacec0b8691fc141dc9b8"
		},
		{
			"ImportPath": "google.golang.org/grpc/peer",
			"Rev": "168a6198bcb0ef175f7dacec0b8691fc141dc9b8"
		},
		{
			"ImportPath": "google.golang.org/grpc/resolver",
			"Rev": "168a6198bcb0ef175f7dacec0b8691fc141dc9b8"
		},
		{
			"ImportPath": "google.golang.org/grpc/resolver/dns",
			"Rev": "168a6198bcb0ef175f7dacec0b8691fc141dc9b8"
		},
		{
			"ImportPath": "google.golang.org/grpc/resolver/passthrough",
			"Rev": "168a6198bcb0ef175f7dacec0b8691fc141dc9b8"
		},
		{
			"ImportPath": "google.golang.org/grpc/stats",
			"Rev": "168a6198bcb0ef175f7dacec0b8691fc141dc9b8"
		},
		{
			"ImportPath": "google.golang.org/grpc/status",
			"Rev": "168a6198bcb0ef175f7dacec0b8691fc141dc9b8"
		},
		{
			"ImportPath": "google.golang.org/grpc/tap",
			"Rev": "168a6198bcb0ef175f7dacec0b8691fc141dc9b8"
		},
		{
			"ImportPath": "google.golang.org/grpc/transport",
			"Rev": "168a6198bcb0ef175f7dacec0b8691fc141dc9b8"
		},
		{
			"ImportPath": "gopkg.in/inf.v0",
			"Rev": "3887ee99ecf07df5b447e9b00d9c0b2adaa9f3e4"
		},
		{
			"ImportPath": "gopkg.in/natefinch/lumberjack.v2",
			"Rev": "20b71e5b60d756d3d2f80def009790325acc2b23"
		},
		{
			"ImportPath": "gopkg.in/yaml.v2",
			"Rev": "5420a8b6744d3b0345ab293f6fcba19c978f1183"
		},
		{
			"ImportPath": "k8s.io/api/admission/v1beta1",
			"Rev": "40a48860b5abbba9aa891b02b32da429b08d96a0"
		},
		{
			"ImportPath": "k8s.io/api/admissionregistration/v1beta1",
			"Rev": "40a48860b5abbba9aa891b02b32da429b08d96a0"
		},
		{
			"ImportPath": "k8s.io/api/apps/v1",
			"Rev": "40a48860b5abbba9aa891b02b32da429b08d96a0"
		},
		{
			"ImportPath": "k8s.io/api/apps/v1beta1",
			"Rev": "40a48860b5abbba9aa891b02b32da429b08d96a0"
		},
		{
			"ImportPath": "k8s.io/api/apps/v1beta2",
			"Rev": "40a48860b5abbba9aa891b02b32da429b08d96a0"
		},
		{
			"ImportPath": "k8s.io/api/auditregistration/v1alpha1",
			"Rev": "40a48860b5abbba9aa891b02b32da429b08d96a0"
		},
		{
			"ImportPath": "k8s.io/api/authentication/v1",
			"Rev": "40a48860b5abbba9aa891b02b32da429b08d96a0"
		},
		{
			"ImportPath": "k8s.io/api/authentication/v1beta1",
			"Rev": "40a48860b5abbba9aa891b02b32da429b08d96a0"
		},
		{
			"ImportPath": "k8s.io/api/authorization/v1",
			"Rev": "40a48860b5abbba9aa891b02b32da429b08d96a0"
		},
		{
			"ImportPath": "k8s.io/api/authorization/v1beta1",
			"Rev": "40a48860b5abbba9aa891b02b32da429b08d96a0"
		},
		{
			"ImportPath": "k8s.io/api/autoscaling/v1",
			"Rev": "40a48860b5abbba9aa891b02b32da429b08d96a0"
		},
		{
			"ImportPath": "k8s.io/api/autoscaling/v2beta1",
			"Rev": "40a48860b5abbba9aa891b02b32da429b08d96a0"
		},
		{
			"ImportPath": "k8s.io/api/autoscaling/v2beta2",
			"Rev": "40a48860b5abbba9aa891b02b32da429b08d96a0"
		},
		{
			"ImportPath": "k8s.io/api/batch/v1",
			"Rev": "40a48860b5abbba9aa891b02b32da429b08d96a0"
		},
		{
			"ImportPath": "k8s.io/api/batch/v1beta1",
			"Rev": "40a48860b5abbba9aa891b02b32da429b08d96a0"
		},
		{
			"ImportPath": "k8s.io/api/batch/v2alpha1",
			"Rev": "40a48860b5abbba9aa891b02b32da429b08d96a0"
		},
		{
			"ImportPath": "k8s.io/api/certificates/v1beta1",
			"Rev": "40a48860b5abbba9aa891b02b32da429b08d96a0"
		},
		{
			"ImportPath": "k8s.io/api/coordination/v1",
			"Rev": "40a48860b5abbba9aa891b02b32da429b08d96a0"
		},
		{
			"ImportPath": "k8s.io/api/coordination/v1beta1",
			"Rev": "40a48860b5abbba9aa891b02b32da429b08d96a0"
		},
		{
			"ImportPath": "k8s.io/api/core/v1",
			"Rev": "40a48860b5abbba9aa891b02b32da429b08d96a0"
		},
		{
			"ImportPath": "k8s.io/api/events/v1beta1",
			"Rev": "40a48860b5abbba9aa891b02b32da429b08d96a0"
		},
		{
			"ImportPath": "k8s.io/api/extensions/v1beta1",
			"Rev": "40a48860b5abbba9aa891b02b32da429b08d96a0"
		},
		{
			"ImportPath": "k8s.io/api/networking/v1",
			"Rev": "40a48860b5abbba9aa891b02b32da429b08d96a0"
		},
		{
			"ImportPath": "k8s.io/api/networking/v1beta1",
			"Rev": "40a48860b5abbba9aa891b02b32da429b08d96a0"
		},
		{
			"ImportPath": "k8s.io/api/node/v1alpha1",
			"Rev": "40a48860b5abbba9aa891b02b32da429b08d96a0"
		},
		{
			"ImportPath": "k8s.io/api/node/v1beta1",
			"Rev": "40a48860b5abbba9aa891b02b32da429b08d96a0"
		},
		{
			"ImportPath": "k8s.io/api/policy/v1beta1",
			"Rev": "40a48860b5abbba9aa891b02b32da429b08d96a0"
		},
		{
			"ImportPath": "k8s.io/api/rbac/v1",
			"Rev": "40a48860b5abbba9aa891b02b32da429b08d96a0"
		},
		{
			"ImportPath": "k8s.io/api/rbac/v1alpha1",
			"Rev": "40a48860b5abbba9aa891b02b32da429b08d96a0"
		},
		{
			"ImportPath": "k8s.io/api/rbac/v1beta1",
			"Rev": "40a48860b5abbba9aa891b02b32da429b08d96a0"
		},
		{
			"ImportPath": "k8s.io/api/scheduling/v1",
			"Rev": "40a48860b5abbba9aa891b02b32da429b08d96a0"
		},
		{
			"ImportPath": "k8s.io/api/scheduling/v1alpha1",
			"Rev": "40a48860b5abbba9aa891b02b32da429b08d96a0"
		},
		{
			"ImportPath": "k8s.io/api/scheduling/v1beta1",
			"Rev": "40a48860b5abbba9aa891b02b32da429b08d96a0"
		},
		{
			"ImportPath": "k8s.io/api/settings/v1alpha1",
			"Rev": "40a48860b5abbba9aa891b02b32da429b08d96a0"
		},
		{
			"ImportPath": "k8s.io/api/storage/v1",
			"Rev": "40a48860b5abbba9aa891b02b32da429b08d96a0"
		},
		{
			"ImportPath": "k8s.io/api/storage/v1alpha1",
			"Rev": "40a48860b5abbba9aa891b02b32da429b08d96a0"
		},
		{
			"ImportPath": "k8s.io/api/storage/v1beta1",
			"Rev": "40a48860b5abbba9aa891b02b32da429b08d96a0"
		},
		{
			"ImportPath": "k8s.io/apimachinery/pkg/api/equality",
			"Rev": "d7deff9243b165ee192f5551710ea4285dcfd615"
		},
		{
			"ImportPath": "k8s.io/apimachinery/pkg/api/errors",
			"Rev": "d7deff9243b165ee192f5551710ea4285dcfd615"
		},
		{
			"ImportPath": "k8s.io/apimachinery/pkg/api/meta",
			"Rev": "d7deff9243b165ee192f5551710ea4285dcfd615"
		},
		{
			"ImportPath": "k8s.io/apimachinery/pkg/api/meta/table",
			"Rev": "d7deff9243b165ee192f5551710ea4285dcfd615"
		},
		{
			"ImportPath": "k8s.io/apimachinery/pkg/api/resource",
			"Rev": "d7deff9243b165ee192f5551710ea4285dcfd615"
		},
		{
			"ImportPath": "k8s.io/apimachinery/pkg/api/validation",
			"Rev": "d7deff9243b165ee192f5551710ea4285dcfd615"
		},
		{
			"ImportPath": "k8s.io/apimachinery/pkg/api/validation/path",
			"Rev": "d7deff9243b165ee192f5551710ea4285dcfd615"
		},
		{
			"ImportPath": "k8s.io/apimachinery/pkg/apis/meta/internalversion",
			"Rev": "d7deff9243b165ee192f5551710ea4285dcfd615"
		},
		{
			"ImportPath": "k8s.io/apimachinery/pkg/apis/meta/v1",
			"Rev": "d7deff9243b165ee192f5551710ea4285dcfd615"
		},
		{
			"ImportPath": "k8s.io/apimachinery/pkg/apis/meta/v1/unstructured",
			"Rev": "d7deff9243b165ee192f5551710ea4285dcfd615"
		},
		{
			"ImportPath": "k8s.io/apimachinery/pkg/apis/meta/v1/validation",
			"Rev": "d7deff9243b165ee192f5551710ea4285dcfd615"
		},
		{
			"ImportPath": "k8s.io/apimachinery/pkg/apis/meta/v1beta1",
			"Rev": "d7deff9243b165ee192f5551710ea4285dcfd615"
		},
		{
			"ImportPath": "k8s.io/apimachinery/pkg/conversion",
			"Rev": "d7deff9243b165ee192f5551710ea4285dcfd615"
		},
		{
			"ImportPath": "k8s.io/apimachinery/pkg/conversion/queryparams",
			"Rev": "d7deff9243b165ee192f5551710ea4285dcfd615"
		},
		{
			"ImportPath": "k8s.io/apimachinery/pkg/fields",
			"Rev": "d7deff9243b165ee192f5551710ea4285dcfd615"
		},
		{
			"ImportPath": "k8s.io/apimachinery/pkg/labels",
			"Rev": "d7deff9243b165ee192f5551710ea4285dcfd615"
		},
		{
			"ImportPath": "k8s.io/apimachinery/pkg/runtime",
			"Rev": "d7deff9243b165ee192f5551710ea4285dcfd615"
		},
		{
			"ImportPath": "k8s.io/apimachinery/pkg/runtime/schema",
			"Rev": "d7deff9243b165ee192f5551710ea4285dcfd615"
		},
		{
			"ImportPath": "k8s.io/apimachinery/pkg/runtime/serializer",
			"Rev": "d7deff9243b165ee192f5551710ea4285dcfd615"
		},
		{
			"ImportPath": "k8s.io/apimachinery/pkg/runtime/serializer/json",
			"Rev": "d7deff9243b165ee192f5551710ea4285dcfd615"
		},
		{
			"ImportPath": "k8s.io/apimachinery/pkg/runtime/serializer/protobuf",
			"Rev": "d7deff9243b165ee192f5551710ea4285dcfd615"
		},
		{
			"ImportPath": "k8s.io/apimachinery/pkg/runtime/serializer/recognizer",
			"Rev": "d7deff9243b165ee192f5551710ea4285dcfd615"
		},
		{
			"ImportPath": "k8s.io/apimachinery/pkg/runtime/serializer/streaming",
			"Rev": "d7deff9243b165ee192f5551710ea4285dcfd615"
		},
		{
			"ImportPath": "k8s.io/apimachinery/pkg/runtime/serializer/versioning",
			"Rev": "d7deff9243b165ee192f5551710ea4285dcfd615"
		},
		{
			"ImportPath": "k8s.io/apimachinery/pkg/selection",
			"Rev": "d7deff9243b165ee192f5551710ea4285dcfd615"
		},
		{
			"ImportPath": "k8s.io/apimachinery/pkg/types",
			"Rev": "d7deff9243b165ee192f5551710ea4285dcfd615"
		},
		{
			"ImportPath": "k8s.io/apimachinery/pkg/util/cache",
			"Rev": "d7deff9243b165ee192f5551710ea4285dcfd615"
		},
		{
			"ImportPath": "k8s.io/apimachinery/pkg/util/clock",
			"Rev": "d7deff9243b165ee192f5551710ea4285dcfd615"
		},
		{
			"ImportPath": "k8s.io/apimachinery/pkg/util/diff",
			"Rev": "d7deff9243b165ee192f5551710ea4285dcfd615"
		},
		{
			"ImportPath": "k8s.io/apimachinery/pkg/util/duration",
			"Rev": "d7deff9243b165ee192f5551710ea4285dcfd615"
		},
		{
			"ImportPath": "k8s.io/apimachinery/pkg/util/errors",
			"Rev": "d7deff9243b165ee192f5551710ea4285dcfd615"
		},
		{
			"ImportPath": "k8s.io/apimachinery/pkg/util/framer",
			"Rev": "d7deff9243b165ee192f5551710ea4285dcfd615"
		},
		{
			"ImportPath": "k8s.io/apimachinery/pkg/util/httpstream",
			"Rev": "d7deff9243b165ee192f5551710ea4285dcfd615"
		},
		{
			"ImportPath": "k8s.io/apimachinery/pkg/util/httpstream/spdy",
			"Rev": "d7deff9243b165ee192f5551710ea4285dcfd615"
		},
		{
			"ImportPath": "k8s.io/apimachinery/pkg/util/intstr",
			"Rev": "d7deff9243b165ee192f5551710ea4285dcfd615"
		},
		{
			"ImportPath": "k8s.io/apimachinery/pkg/util/json",
			"Rev": "d7deff9243b165ee192f5551710ea4285dcfd615"
		},
		{
			"ImportPath": "k8s.io/apimachinery/pkg/util/mergepatch",
			"Rev": "d7deff9243b165ee192f5551710ea4285dcfd615"
		},
		{
			"ImportPath": "k8s.io/apimachinery/pkg/util/naming",
			"Rev": "d7deff9243b165ee192f5551710ea4285dcfd615"
		},
		{
			"ImportPath": "k8s.io/apimachinery/pkg/util/net",
			"Rev": "d7deff9243b165ee192f5551710ea4285dcfd615"
		},
		{
			"ImportPath": "k8s.io/apimachinery/pkg/util/proxy",
			"Rev": "d7deff9243b165ee192f5551710ea4285dcfd615"
		},
		{
			"ImportPath": "k8s.io/apimachinery/pkg/util/rand",
			"Rev": "d7deff9243b165ee192f5551710ea4285dcfd615"
		},
		{
			"ImportPath": "k8s.io/apimachinery/pkg/util/runtime",
			"Rev": "d7deff9243b165ee192f5551710ea4285dcfd615"
		},
		{
			"ImportPath": "k8s.io/apimachinery/pkg/util/sets",
			"Rev": "d7deff9243b165ee192f5551710ea4285dcfd615"
		},
		{
			"ImportPath": "k8s.io/apimachinery/pkg/util/strategicpatch",
			"Rev": "d7deff9243b165ee192f5551710ea4285dcfd615"
		},
		{
			"ImportPath": "k8s.io/apimachinery/pkg/util/uuid",
			"Rev": "d7deff9243b165ee192f5551710ea4285dcfd615"
		},
		{
			"ImportPath": "k8s.io/apimachinery/pkg/util/validation",
			"Rev": "d7deff9243b165ee192f5551710ea4285dcfd615"
		},
		{
			"ImportPath": "k8s.io/apimachinery/pkg/util/validation/field",
			"Rev": "d7deff9243b165ee192f5551710ea4285dcfd615"
		},
		{
			"ImportPath": "k8s.io/apimachinery/pkg/util/wait",
			"Rev": "d7deff9243b165ee192f5551710ea4285dcfd615"
		},
		{
			"ImportPath": "k8s.io/apimachinery/pkg/util/waitgroup",
			"Rev": "d7deff9243b165ee192f5551710ea4285dcfd615"
		},
		{
			"ImportPath": "k8s.io/apimachinery/pkg/util/yaml",
			"Rev": "d7deff9243b165ee192f5551710ea4285dcfd615"
		},
		{
			"ImportPath": "k8s.io/apimachinery/pkg/version",
			"Rev": "d7deff9243b165ee192f5551710ea4285dcfd615"
		},
		{
			"ImportPath": "k8s.io/apimachinery/pkg/watch",
			"Rev": "d7deff9243b165ee192f5551710ea4285dcfd615"
		},
		{
			"ImportPath": "k8s.io/apimachinery/third_party/forked/golang/json",
			"Rev": "d7deff9243b165ee192f5551710ea4285dcfd615"
		},
		{
			"ImportPath": "k8s.io/apimachinery/third_party/forked/golang/netutil",
			"Rev": "d7deff9243b165ee192f5551710ea4285dcfd615"
		},
		{
			"ImportPath": "k8s.io/apimachinery/third_party/forked/golang/reflect",
			"Rev": "d7deff9243b165ee192f5551710ea4285dcfd615"
		},
		{
			"ImportPath": "k8s.io/apiserver/pkg/admission",
			"Rev": "8b27c41bdbb11ff103caa673315e097bf0289171"
		},
		{
			"ImportPath": "k8s.io/apiserver/pkg/admission/configuration",
			"Rev": "8b27c41bdbb11ff103caa673315e097bf0289171"
		},
		{
			"ImportPath": "k8s.io/apiserver/pkg/admission/initializer",
			"Rev": "8b27c41bdbb11ff103caa673315e097bf0289171"
		},
		{
			"ImportPath": "k8s.io/apiserver/pkg/admission/metrics",
			"Rev": "8b27c41bdbb11ff103caa673315e097bf0289171"
		},
		{
			"ImportPath": "k8s.io/apiserver/pkg/admission/plugin/namespace/lifecycle",
			"Rev": "8b27c41bdbb11ff103caa673315e097bf0289171"
		},
		{
			"ImportPath": "k8s.io/apiserver/pkg/admission/plugin/webhook/config",
			"Rev": "8b27c41bdbb11ff103caa673315e097bf0289171"
		},
		{
			"ImportPath": "k8s.io/apiserver/pkg/admission/plugin/webhook/config/apis/webhookadmission",
			"Rev": "8b27c41bdbb11ff103caa673315e097bf0289171"
		},
		{
			"ImportPath": "k8s.io/apiserver/pkg/admission/plugin/webhook/config/apis/webhookadmission/v1alpha1",
			"Rev": "8b27c41bdbb11ff103caa673315e097bf0289171"
		},
		{
			"ImportPath": "k8s.io/apiserver/pkg/admission/plugin/webhook/errors",
			"Rev": "8b27c41bdbb11ff103caa673315e097bf0289171"
		},
		{
			"ImportPath": "k8s.io/apiserver/pkg/admission/plugin/webhook/generic",
			"Rev": "8b27c41bdbb11ff103caa673315e097bf0289171"
		},
		{
			"ImportPath": "k8s.io/apiserver/pkg/admission/plugin/webhook/mutating",
			"Rev": "8b27c41bdbb11ff103caa673315e097bf0289171"
		},
		{
			"ImportPath": "k8s.io/apiserver/pkg/admission/plugin/webhook/namespace",
			"Rev": "8b27c41bdbb11ff103caa673315e097bf0289171"
		},
		{
			"ImportPath": "k8s.io/apiserver/pkg/admission/plugin/webhook/request",
			"Rev": "8b27c41bdbb11ff103caa673315e097bf0289171"
		},
		{
			"ImportPath": "k8s.io/apiserver/pkg/admission/plugin/webhook/rules",
			"Rev": "8b27c41bdbb11ff103caa673315e097bf0289171"
		},
		{
			"ImportPath": "k8s.io/apiserver/pkg/admission/plugin/webhook/util",
			"Rev": "8b27c41bdbb11ff103caa673315e097bf0289171"
		},
		{
			"ImportPath": "k8s.io/apiserver/pkg/admission/plugin/webhook/validating",
			"Rev": "8b27c41bdbb11ff103caa673315e097bf0289171"
		},
		{
			"ImportPath": "k8s.io/apiserver/pkg/apis/apiserver",
			"Rev": "8b27c41bdbb11ff103caa673315e097bf0289171"
		},
		{
			"ImportPath": "k8s.io/apiserver/pkg/apis/apiserver/install",
			"Rev": "8b27c41bdbb11ff103caa673315e097bf0289171"
		},
		{
			"ImportPath": "k8s.io/apiserver/pkg/apis/apiserver/v1alpha1",
			"Rev": "8b27c41bdbb11ff103caa673315e097bf0289171"
		},
		{
			"ImportPath": "k8s.io/apiserver/pkg/apis/audit",
			"Rev": "8b27c41bdbb11ff103caa673315e097bf0289171"
		},
		{
			"ImportPath": "k8s.io/apiserver/pkg/apis/audit/install",
			"Rev": "8b27c41bdbb11ff103caa673315e097bf0289171"
		},
		{
			"ImportPath": "k8s.io/apiserver/pkg/apis/audit/v1",
			"Rev": "8b27c41bdbb11ff103caa673315e097bf0289171"
		},
		{
			"ImportPath": "k8s.io/apiserver/pkg/apis/audit/v1alpha1",
			"Rev": "8b27c41bdbb11ff103caa673315e097bf0289171"
		},
		{
			"ImportPath": "k8s.io/apiserver/pkg/apis/audit/v1beta1",
			"Rev": "8b27c41bdbb11ff103caa673315e097bf0289171"
		},
		{
			"ImportPath": "k8s.io/apiserver/pkg/apis/audit/validation",
			"Rev": "8b27c41bdbb11ff103caa673315e097bf0289171"
		},
		{
			"ImportPath": "k8s.io/apiserver/pkg/audit",
			"Rev": "8b27c41bdbb11ff103caa673315e097bf0289171"
		},
		{
			"ImportPath": "k8s.io/apiserver/pkg/audit/event",
			"Rev": "8b27c41bdbb11ff103caa673315e097bf0289171"
		},
		{
			"ImportPath": "k8s.io/apiserver/pkg/audit/policy",
			"Rev": "8b27c41bdbb11ff103caa673315e097bf0289171"
		},
		{
			"ImportPath": "k8s.io/apiserver/pkg/audit/util",
			"Rev": "8b27c41bdbb11ff103caa673315e097bf0289171"
		},
		{
			"ImportPath": "k8s.io/apiserver/pkg/authentication/authenticator",
			"Rev": "8b27c41bdbb11ff103caa673315e097bf0289171"
		},
		{
			"ImportPath": "k8s.io/apiserver/pkg/authentication/authenticatorfactory",
			"Rev": "8b27c41bdbb11ff103caa673315e097bf0289171"
		},
		{
			"ImportPath": "k8s.io/apiserver/pkg/authentication/group",
			"Rev": "8b27c41bdbb11ff103caa673315e097bf0289171"
		},
		{
			"ImportPath": "k8s.io/apiserver/pkg/authentication/request/anonymous",
			"Rev": "8b27c41bdbb11ff103caa673315e097bf0289171"
		},
		{
			"ImportPath": "k8s.io/apiserver/pkg/authentication/request/bearertoken",
			"Rev": "8b27c41bdbb11ff103caa673315e097bf0289171"
		},
		{
			"ImportPath": "k8s.io/apiserver/pkg/authentication/request/headerrequest",
			"Rev": "8b27c41bdbb11ff103caa673315e097bf0289171"
		},
		{
			"ImportPath": "k8s.io/apiserver/pkg/authentication/request/union",
			"Rev": "8b27c41bdbb11ff103caa673315e097bf0289171"
		},
		{
			"ImportPath": "k8s.io/apiserver/pkg/authentication/request/websocket",
			"Rev": "8b27c41bdbb11ff103caa673315e097bf0289171"
		},
		{
			"ImportPath": "k8s.io/apiserver/pkg/authentication/request/x509",
			"Rev": "8b27c41bdbb11ff103caa673315e097bf0289171"
		},
		{
			"ImportPath": "k8s.io/apiserver/pkg/authentication/serviceaccount",
			"Rev": "8b27c41bdbb11ff103caa673315e097bf0289171"
		},
		{
			"ImportPath": "k8s.io/apiserver/pkg/authentication/token/cache",
			"Rev": "8b27c41bdbb11ff103caa673315e097bf0289171"
		},
		{
			"ImportPath": "k8s.io/apiserver/pkg/authentication/token/tokenfile",
			"Rev": "8b27c41bdbb11ff103caa673315e097bf0289171"
		},
		{
			"ImportPath": "k8s.io/apiserver/pkg/authentication/user",
			"Rev": "8b27c41bdbb11ff103caa673315e097bf0289171"
		},
		{
			"ImportPath": "k8s.io/apiserver/pkg/authorization/authorizer",
			"Rev": "8b27c41bdbb11ff103caa673315e097bf0289171"
		},
		{
			"ImportPath": "k8s.io/apiserver/pkg/authorization/authorizerfactory",
			"Rev": "8b27c41bdbb11ff103caa673315e097bf0289171"
		},
		{
			"ImportPath": "k8s.io/apiserver/pkg/authorization/path",
			"Rev": "8b27c41bdbb11ff103caa673315e097bf0289171"
		},
		{
			"ImportPath": "k8s.io/apiserver/pkg/authorization/union",
			"Rev": "8b27c41bdbb11ff103caa673315e097bf0289171"
		},
		{
			"ImportPath": "k8s.io/apiserver/pkg/endpoints",
			"Rev": "8b27c41bdbb11ff103caa673315e097bf0289171"
		},
		{
			"ImportPath": "k8s.io/apiserver/pkg/endpoints/discovery",
			"Rev": "8b27c41bdbb11ff103caa673315e097bf0289171"
		},
		{
			"ImportPath": "k8s.io/apiserver/pkg/endpoints/filters",
			"Rev": "8b27c41bdbb11ff103caa673315e097bf0289171"
		},
		{
			"ImportPath": "k8s.io/apiserver/pkg/endpoints/handlers",
			"Rev": "8b27c41bdbb11ff103caa673315e097bf0289171"
		},
		{
			"ImportPath": "k8s.io/apiserver/pkg/endpoints/handlers/fieldmanager",
			"Rev": "8b27c41bdbb11ff103caa673315e097bf0289171"
		},
		{
			"ImportPath": "k8s.io/apiserver/pkg/endpoints/handlers/fieldmanager/internal",
			"Rev": "8b27c41bdbb11ff103caa673315e097bf0289171"
		},
		{
			"ImportPath": "k8s.io/apiserver/pkg/endpoints/handlers/negotiation",
			"Rev": "8b27c41bdbb11ff103caa673315e097bf0289171"
		},
		{
			"ImportPath": "k8s.io/apiserver/pkg/endpoints/handlers/responsewriters",
			"Rev": "8b27c41bdbb11ff103caa673315e097bf0289171"
		},
		{
			"ImportPath": "k8s.io/apiserver/pkg/endpoints/metrics",
			"Rev": "8b27c41bdbb11ff103caa673315e097bf0289171"
		},
		{
			"ImportPath": "k8s.io/apiserver/pkg/endpoints/openapi",
			"Rev": "8b27c41bdbb11ff103caa673315e097bf0289171"
		},
		{
			"ImportPath": "k8s.io/apiserver/pkg/endpoints/request",
			"Rev": "8b27c41bdbb11ff103caa673315e097bf0289171"
		},
		{
			"ImportPath": "k8s.io/apiserver/pkg/features",
			"Rev": "8b27c41bdbb11ff103caa673315e097bf0289171"
		},
		{
			"ImportPath": "k8s.io/apiserver/pkg/registry/generic",
			"Rev": "8b27c41bdbb11ff103caa673315e097bf0289171"
		},
		{
			"ImportPath": "k8s.io/apiserver/pkg/registry/generic/registry",
			"Rev": "8b27c41bdbb11ff103caa673315e097bf0289171"
		},
		{
			"ImportPath": "k8s.io/apiserver/pkg/registry/rest",
			"Rev": "8b27c41bdbb11ff103caa673315e097bf0289171"
		},
		{
			"ImportPath": "k8s.io/apiserver/pkg/server",
			"Rev": "8b27c41bdbb11ff103caa673315e097bf0289171"
		},
		{
			"ImportPath": "k8s.io/apiserver/pkg/server/filters",
			"Rev": "8b27c41bdbb11ff103caa673315e097bf0289171"
		},
		{
			"ImportPath": "k8s.io/apiserver/pkg/server/healthz",
			"Rev": "8b27c41bdbb11ff103caa673315e097bf0289171"
		},
		{
			"ImportPath": "k8s.io/apiserver/pkg/server/httplog",
			"Rev": "8b27c41bdbb11ff103caa673315e097bf0289171"
		},
		{
			"ImportPath": "k8s.io/apiserver/pkg/server/mux",
			"Rev": "8b27c41bdbb11ff103caa673315e097bf0289171"
		},
		{
			"ImportPath": "k8s.io/apiserver/pkg/server/options",
			"Rev": "8b27c41bdbb11ff103caa673315e097bf0289171"
		},
		{
			"ImportPath": "k8s.io/apiserver/pkg/server/resourceconfig",
			"Rev": "8b27c41bdbb11ff103caa673315e097bf0289171"
		},
		{
			"ImportPath": "k8s.io/apiserver/pkg/server/routes",
			"Rev": "8b27c41bdbb11ff103caa673315e097bf0289171"
		},
		{
			"ImportPath": "k8s.io/apiserver/pkg/server/storage",
			"Rev": "8b27c41bdbb11ff103caa673315e097bf0289171"
		},
		{
			"ImportPath": "k8s.io/apiserver/pkg/storage",
			"Rev": "8b27c41bdbb11ff103caa673315e097bf0289171"
		},
		{
			"ImportPath": "k8s.io/apiserver/pkg/storage/cacher",
			"Rev": "8b27c41bdbb11ff103caa673315e097bf0289171"
		},
		{
			"ImportPath": "k8s.io/apiserver/pkg/storage/errors",
			"Rev": "8b27c41bdbb11ff103caa673315e097bf0289171"
		},
		{
			"ImportPath": "k8s.io/apiserver/pkg/storage/etcd",
			"Rev": "8b27c41bdbb11ff103caa673315e097bf0289171"
		},
		{
			"ImportPath": "k8s.io/apiserver/pkg/storage/etcd/metrics",
			"Rev": "8b27c41bdbb11ff103caa673315e097bf0289171"
		},
		{
			"ImportPath": "k8s.io/apiserver/pkg/storage/etcd3",
			"Rev": "8b27c41bdbb11ff103caa673315e097bf0289171"
		},
		{
			"ImportPath": "k8s.io/apiserver/pkg/storage/names",
			"Rev": "8b27c41bdbb11ff103caa673315e097bf0289171"
		},
		{
			"ImportPath": "k8s.io/apiserver/pkg/storage/storagebackend",
			"Rev": "8b27c41bdbb11ff103caa673315e097bf0289171"
		},
		{
			"ImportPath": "k8s.io/apiserver/pkg/storage/storagebackend/factory",
			"Rev": "8b27c41bdbb11ff103caa673315e097bf0289171"
		},
		{
			"ImportPath": "k8s.io/apiserver/pkg/storage/value",
			"Rev": "8b27c41bdbb11ff103caa673315e097bf0289171"
		},
		{
			"ImportPath": "k8s.io/apiserver/pkg/util/dryrun",
			"Rev": "8b27c41bdbb11ff103caa673315e097bf0289171"
		},
		{
			"ImportPath": "k8s.io/apiserver/pkg/util/feature",
			"Rev": "8b27c41bdbb11ff103caa673315e097bf0289171"
		},
		{
			"ImportPath": "k8s.io/apiserver/pkg/util/flushwriter",
			"Rev": "8b27c41bdbb11ff103caa673315e097bf0289171"
		},
		{
			"ImportPath": "k8s.io/apiserver/pkg/util/openapi",
			"Rev": "8b27c41bdbb11ff103caa673315e097bf0289171"
		},
		{
			"ImportPath": "k8s.io/apiserver/pkg/util/proxy",
			"Rev": "8b27c41bdbb11ff103caa673315e097bf0289171"
		},
		{
			"ImportPath": "k8s.io/apiserver/pkg/util/webhook",
			"Rev": "8b27c41bdbb11ff103caa673315e097bf0289171"
		},
		{
			"ImportPath": "k8s.io/apiserver/pkg/util/wsstream",
			"Rev": "8b27c41bdbb11ff103caa673315e097bf0289171"
		},
		{
			"ImportPath": "k8s.io/apiserver/plugin/pkg/audit/buffered",
			"Rev": "8b27c41bdbb11ff103caa673315e097bf0289171"
		},
		{
			"ImportPath": "k8s.io/apiserver/plugin/pkg/audit/dynamic",
			"Rev": "8b27c41bdbb11ff103caa673315e097bf0289171"
		},
		{
			"ImportPath": "k8s.io/apiserver/plugin/pkg/audit/dynamic/enforced",
			"Rev": "8b27c41bdbb11ff103caa673315e097bf0289171"
		},
		{
			"ImportPath": "k8s.io/apiserver/plugin/pkg/audit/log",
			"Rev": "8b27c41bdbb11ff103caa673315e097bf0289171"
		},
		{
			"ImportPath": "k8s.io/apiserver/plugin/pkg/audit/truncate",
			"Rev": "8b27c41bdbb11ff103caa673315e097bf0289171"
		},
		{
			"ImportPath": "k8s.io/apiserver/plugin/pkg/audit/webhook",
			"Rev": "8b27c41bdbb11ff103caa673315e097bf0289171"
		},
		{
			"ImportPath": "k8s.io/apiserver/plugin/pkg/authenticator/token/webhook",
			"Rev": "8b27c41bdbb11ff103caa673315e097bf0289171"
		},
		{
			"ImportPath": "k8s.io/apiserver/plugin/pkg/authorizer/webhook",
			"Rev": "8b27c41bdbb11ff103caa673315e097bf0289171"
		},
		{
			"ImportPath": "k8s.io/client-go/discovery",
			"Rev": "6ee68ca5fd8355d024d02f9db0b3b667e8357a0f"
		},
		{
			"ImportPath": "k8s.io/client-go/discovery/fake",
			"Rev": "6ee68ca5fd8355d024d02f9db0b3b667e8357a0f"
		},
		{
			"ImportPath": "k8s.io/client-go/informers",
			"Rev": "6ee68ca5fd8355d024d02f9db0b3b667e8357a0f"
		},
		{
			"ImportPath": "k8s.io/client-go/informers/admissionregistration",
			"Rev": "6ee68ca5fd8355d024d02f9db0b3b667e8357a0f"
		},
		{
			"ImportPath": "k8s.io/client-go/informers/admissionregistration/v1beta1",
			"Rev": "6ee68ca5fd8355d024d02f9db0b3b667e8357a0f"
		},
		{
			"ImportPath": "k8s.io/client-go/informers/apps",
			"Rev": "6ee68ca5fd8355d024d02f9db0b3b667e8357a0f"
		},
		{
			"ImportPath": "k8s.io/client-go/informers/apps/v1",
			"Rev": "6ee68ca5fd8355d024d02f9db0b3b667e8357a0f"
		},
		{
			"ImportPath": "k8s.io/client-go/informers/apps/v1beta1",
			"Rev": "6ee68ca5fd8355d024d02f9db0b3b667e8357a0f"
		},
		{
			"ImportPath": "k8s.io/client-go/informers/apps/v1beta2",
			"Rev": "6ee68ca5fd8355d024d02f9db0b3b667e8357a0f"
		},
		{
			"ImportPath": "k8s.io/client-go/informers/auditregistration",
			"Rev": "6ee68ca5fd8355d024d02f9db0b3b667e8357a0f"
		},
		{
			"ImportPath": "k8s.io/client-go/informers/auditregistration/v1alpha1",
			"Rev": "6ee68ca5fd8355d024d02f9db0b3b667e8357a0f"
		},
		{
			"ImportPath": "k8s.io/client-go/informers/autoscaling",
			"Rev": "6ee68ca5fd8355d024d02f9db0b3b667e8357a0f"
		},
		{
			"ImportPath": "k8s.io/client-go/informers/autoscaling/v1",
			"Rev": "6ee68ca5fd8355d024d02f9db0b3b667e8357a0f"
		},
		{
			"ImportPath": "k8s.io/client-go/informers/autoscaling/v2beta1",
			"Rev": "6ee68ca5fd8355d024d02f9db0b3b667e8357a0f"
		},
		{
			"ImportPath": "k8s.io/client-go/informers/autoscaling/v2beta2",
			"Rev": "6ee68ca5fd8355d024d02f9db0b3b667e8357a0f"
		},
		{
			"ImportPath": "k8s.io/client-go/informers/batch",
			"Rev": "6ee68ca5fd8355d024d02f9db0b3b667e8357a0f"
		},
		{
			"ImportPath": "k8s.io/client-go/informers/batch/v1",
			"Rev": "6ee68ca5fd8355d024d02f9db0b3b667e8357a0f"
		},
		{
			"ImportPath": "k8s.io/client-go/informers/batch/v1beta1",
			"Rev": "6ee68ca5fd8355d024d02f9db0b3b667e8357a0f"
		},
		{
			"ImportPath": "k8s.io/client-go/informers/batch/v2alpha1",
			"Rev": "6ee68ca5fd8355d024d02f9db0b3b667e8357a0f"
		},
		{
			"ImportPath": "k8s.io/client-go/informers/certificates",
			"Rev": "6ee68ca5fd8355d024d02f9db0b3b667e8357a0f"
		},
		{
			"ImportPath": "k8s.io/client-go/informers/certificates/v1beta1",
			"Rev": "6ee68ca5fd8355d024d02f9db0b3b667e8357a0f"
		},
		{
			"ImportPath": "k8s.io/client-go/informers/coordination",
			"Rev": "6ee68ca5fd8355d024d02f9db0b3b667e8357a0f"
		},
		{
			"ImportPath": "k8s.io/client-go/informers/coordination/v1",
			"Rev": "6ee68ca5fd8355d024d02f9db0b3b667e8357a0f"
		},
		{
			"ImportPath": "k8s.io/client-go/informers/coordination/v1beta1",
			"Rev": "6ee68ca5fd8355d024d02f9db0b3b667e8357a0f"
		},
		{
			"ImportPath": "k8s.io/client-go/informers/core",
			"Rev": "6ee68ca5fd8355d024d02f9db0b3b667e8357a0f"
		},
		{
			"ImportPath": "k8s.io/client-go/informers/core/v1",
			"Rev": "6ee68ca5fd8355d024d02f9db0b3b667e8357a0f"
		},
		{
			"ImportPath": "k8s.io/client-go/informers/events",
			"Rev": "6ee68ca5fd8355d024d02f9db0b3b667e8357a0f"
		},
		{
			"ImportPath": "k8s.io/client-go/informers/events/v1beta1",
			"Rev": "6ee68ca5fd8355d024d02f9db0b3b667e8357a0f"
		},
		{
			"ImportPath": "k8s.io/client-go/informers/extensions",
			"Rev": "6ee68ca5fd8355d024d02f9db0b3b667e8357a0f"
		},
		{
			"ImportPath": "k8s.io/client-go/informers/extensions/v1beta1",
			"Rev": "6ee68ca5fd8355d024d02f9db0b3b667e8357a0f"
		},
		{
			"ImportPath": "k8s.io/client-go/informers/internalinterfaces",
			"Rev": "6ee68ca5fd8355d024d02f9db0b3b667e8357a0f"
		},
		{
			"ImportPath": "k8s.io/client-go/informers/networking",
			"Rev": "6ee68ca5fd8355d024d02f9db0b3b667e8357a0f"
		},
		{
			"ImportPath": "k8s.io/client-go/informers/networking/v1",
			"Rev": "6ee68ca5fd8355d024d02f9db0b3b667e8357a0f"
		},
		{
			"ImportPath": "k8s.io/client-go/informers/networking/v1beta1",
			"Rev": "6ee68ca5fd8355d024d02f9db0b3b667e8357a0f"
		},
		{
			"ImportPath": "k8s.io/client-go/informers/node",
			"Rev": "6ee68ca5fd8355d024d02f9db0b3b667e8357a0f"
		},
		{
			"ImportPath": "k8s.io/client-go/informers/node/v1alpha1",
			"Rev": "6ee68ca5fd8355d024d02f9db0b3b667e8357a0f"
		},
		{
			"ImportPath": "k8s.io/client-go/informers/node/v1beta1",
			"Rev": "6ee68ca5fd8355d024d02f9db0b3b667e8357a0f"
		},
		{
			"ImportPath": "k8s.io/client-go/informers/policy",
			"Rev": "6ee68ca5fd8355d024d02f9db0b3b667e8357a0f"
		},
		{
			"ImportPath": "k8s.io/client-go/informers/policy/v1beta1",
			"Rev": "6ee68ca5fd8355d024d02f9db0b3b667e8357a0f"
		},
		{
			"ImportPath": "k8s.io/client-go/informers/rbac",
			"Rev": "6ee68ca5fd8355d024d02f9db0b3b667e8357a0f"
		},
		{
			"ImportPath": "k8s.io/client-go/informers/rbac/v1",
			"Rev": "6ee68ca5fd8355d024d02f9db0b3b667e8357a0f"
		},
		{
			"ImportPath": "k8s.io/client-go/informers/rbac/v1alpha1",
			"Rev": "6ee68ca5fd8355d024d02f9db0b3b667e8357a0f"
		},
		{
			"ImportPath": "k8s.io/client-go/informers/rbac/v1beta1",
			"Rev": "6ee68ca5fd8355d024d02f9db0b3b667e8357a0f"
		},
		{
			"ImportPath": "k8s.io/client-go/informers/scheduling",
			"Rev": "6ee68ca5fd8355d024d02f9db0b3b667e8357a0f"
		},
		{
			"ImportPath": "k8s.io/client-go/informers/scheduling/v1",
			"Rev": "6ee68ca5fd8355d024d02f9db0b3b667e8357a0f"
		},
		{
			"ImportPath": "k8s.io/client-go/informers/scheduling/v1alpha1",
			"Rev": "6ee68ca5fd8355d024d02f9db0b3b667e8357a0f"
		},
		{
			"ImportPath": "k8s.io/client-go/informers/scheduling/v1beta1",
			"Rev": "6ee68ca5fd8355d024d02f9db0b3b667e8357a0f"
		},
		{
			"ImportPath": "k8s.io/client-go/informers/settings",
			"Rev": "6ee68ca5fd8355d024d02f9db0b3b667e8357a0f"
		},
		{
			"ImportPath": "k8s.io/client-go/informers/settings/v1alpha1",
			"Rev": "6ee68ca5fd8355d024d02f9db0b3b667e8357a0f"
		},
		{
			"ImportPath": "k8s.io/client-go/informers/storage",
			"Rev": "6ee68ca5fd8355d024d02f9db0b3b667e8357a0f"
		},
		{
			"ImportPath": "k8s.io/client-go/informers/storage/v1",
			"Rev": "6ee68ca5fd8355d024d02f9db0b3b667e8357a0f"
		},
		{
			"ImportPath": "k8s.io/client-go/informers/storage/v1alpha1",
			"Rev": "6ee68ca5fd8355d024d02f9db0b3b667e8357a0f"
		},
		{
			"ImportPath": "k8s.io/client-go/informers/storage/v1beta1",
			"Rev": "6ee68ca5fd8355d024d02f9db0b3b667e8357a0f"
		},
		{
			"ImportPath": "k8s.io/client-go/kubernetes",
			"Rev": "6ee68ca5fd8355d024d02f9db0b3b667e8357a0f"
		},
		{
			"ImportPath": "k8s.io/client-go/kubernetes/scheme",
			"Rev": "6ee68ca5fd8355d024d02f9db0b3b667e8357a0f"
		},
		{
			"ImportPath": "k8s.io/client-go/kubernetes/typed/admissionregistration/v1beta1",
			"Rev": "6ee68ca5fd8355d024d02f9db0b3b667e8357a0f"
		},
		{
			"ImportPath": "k8s.io/client-go/kubernetes/typed/apps/v1",
			"Rev": "6ee68ca5fd8355d024d02f9db0b3b667e8357a0f"
		},
		{
			"ImportPath": "k8s.io/client-go/kubernetes/typed/apps/v1beta1",
			"Rev": "6ee68ca5fd8355d024d02f9db0b3b667e8357a0f"
		},
		{
			"ImportPath": "k8s.io/client-go/kubernetes/typed/apps/v1beta2",
			"Rev": "6ee68ca5fd8355d024d02f9db0b3b667e8357a0f"
		},
		{
			"ImportPath": "k8s.io/client-go/kubernetes/typed/auditregistration/v1alpha1",
			"Rev": "6ee68ca5fd8355d024d02f9db0b3b667e8357a0f"
		},
		{
			"ImportPath": "k8s.io/client-go/kubernetes/typed/authentication/v1",
			"Rev": "6ee68ca5fd8355d024d02f9db0b3b667e8357a0f"
		},
		{
			"ImportPath": "k8s.io/client-go/kubernetes/typed/authentication/v1beta1",
			"Rev": "6ee68ca5fd8355d024d02f9db0b3b667e8357a0f"
		},
		{
			"ImportPath": "k8s.io/client-go/kubernetes/typed/authorization/v1",
			"Rev": "6ee68ca5fd8355d024d02f9db0b3b667e8357a0f"
		},
		{
			"ImportPath": "k8s.io/client-go/kubernetes/typed/authorization/v1beta1",
			"Rev": "6ee68ca5fd8355d024d02f9db0b3b667e8357a0f"
		},
		{
			"ImportPath": "k8s.io/client-go/kubernetes/typed/autoscaling/v1",
			"Rev": "6ee68ca5fd8355d024d02f9db0b3b667e8357a0f"
		},
		{
			"ImportPath": "k8s.io/client-go/kubernetes/typed/autoscaling/v2beta1",
			"Rev": "6ee68ca5fd8355d024d02f9db0b3b667e8357a0f"
		},
		{
			"ImportPath": "k8s.io/client-go/kubernetes/typed/autoscaling/v2beta2",
			"Rev": "6ee68ca5fd8355d024d02f9db0b3b667e8357a0f"
		},
		{
			"ImportPath": "k8s.io/client-go/kubernetes/typed/batch/v1",
			"Rev": "6ee68ca5fd8355d024d02f9db0b3b667e8357a0f"
		},
		{
			"ImportPath": "k8s.io/client-go/kubernetes/typed/batch/v1beta1",
			"Rev": "6ee68ca5fd8355d024d02f9db0b3b667e8357a0f"
		},
		{
			"ImportPath": "k8s.io/client-go/kubernetes/typed/batch/v2alpha1",
			"Rev": "6ee68ca5fd8355d024d02f9db0b3b667e8357a0f"
		},
		{
			"ImportPath": "k8s.io/client-go/kubernetes/typed/certificates/v1beta1",
			"Rev": "6ee68ca5fd8355d024d02f9db0b3b667e8357a0f"
		},
		{
			"ImportPath": "k8s.io/client-go/kubernetes/typed/coordination/v1",
			"Rev": "6ee68ca5fd8355d024d02f9db0b3b667e8357a0f"
		},
		{
			"ImportPath": "k8s.io/client-go/kubernetes/typed/coordination/v1beta1",
			"Rev": "6ee68ca5fd8355d024d02f9db0b3b667e8357a0f"
		},
		{
			"ImportPath": "k8s.io/client-go/kubernetes/typed/core/v1",
			"Rev": "6ee68ca5fd8355d024d02f9db0b3b667e8357a0f"
		},
		{
			"ImportPath": "k8s.io/client-go/kubernetes/typed/events/v1beta1",
			"Rev": "6ee68ca5fd8355d024d02f9db0b3b667e8357a0f"
		},
		{
			"ImportPath": "k8s.io/client-go/kubernetes/typed/extensions/v1beta1",
			"Rev": "6ee68ca5fd8355d024d02f9db0b3b667e8357a0f"
		},
		{
			"ImportPath": "k8s.io/client-go/kubernetes/typed/networking/v1",
			"Rev": "6ee68ca5fd8355d024d02f9db0b3b667e8357a0f"
		},
		{
			"ImportPath": "k8s.io/client-go/kubernetes/typed/networking/v1beta1",
			"Rev": "6ee68ca5fd8355d024d02f9db0b3b667e8357a0f"
		},
		{
			"ImportPath": "k8s.io/client-go/kubernetes/typed/node/v1alpha1",
			"Rev": "6ee68ca5fd8355d024d02f9db0b3b667e8357a0f"
		},
		{
			"ImportPath": "k8s.io/client-go/kubernetes/typed/node/v1beta1",
			"Rev": "6ee68ca5fd8355d024d02f9db0b3b667e8357a0f"
		},
		{
			"ImportPath": "k8s.io/client-go/kubernetes/typed/policy/v1beta1",
			"Rev": "6ee68ca5fd8355d024d02f9db0b3b667e8357a0f"
		},
		{
			"ImportPath": "k8s.io/client-go/kubernetes/typed/rbac/v1",
			"Rev": "6ee68ca5fd8355d024d02f9db0b3b667e8357a0f"
		},
		{
			"ImportPath": "k8s.io/client-go/kubernetes/typed/rbac/v1alpha1",
			"Rev": "6ee68ca5fd8355d024d02f9db0b3b667e8357a0f"
		},
		{
			"ImportPath": "k8s.io/client-go/kubernetes/typed/rbac/v1beta1",
			"Rev": "6ee68ca5fd8355d024d02f9db0b3b667e8357a0f"
		},
		{
			"ImportPath": "k8s.io/client-go/kubernetes/typed/scheduling/v1",
			"Rev": "6ee68ca5fd8355d024d02f9db0b3b667e8357a0f"
		},
		{
			"ImportPath": "k8s.io/client-go/kubernetes/typed/scheduling/v1alpha1",
			"Rev": "6ee68ca5fd8355d024d02f9db0b3b667e8357a0f"
		},
		{
			"ImportPath": "k8s.io/client-go/kubernetes/typed/scheduling/v1beta1",
			"Rev": "6ee68ca5fd8355d024d02f9db0b3b667e8357a0f"
		},
		{
			"ImportPath": "k8s.io/client-go/kubernetes/typed/settings/v1alpha1",
			"Rev": "6ee68ca5fd8355d024d02f9db0b3b667e8357a0f"
		},
		{
			"ImportPath": "k8s.io/client-go/kubernetes/typed/storage/v1",
			"Rev": "6ee68ca5fd8355d024d02f9db0b3b667e8357a0f"
		},
		{
			"ImportPath": "k8s.io/client-go/kubernetes/typed/storage/v1alpha1",
			"Rev": "6ee68ca5fd8355d024d02f9db0b3b667e8357a0f"
		},
		{
			"ImportPath": "k8s.io/client-go/kubernetes/typed/storage/v1beta1",
			"Rev": "6ee68ca5fd8355d024d02f9db0b3b667e8357a0f"
		},
		{
			"ImportPath": "k8s.io/client-go/listers/admissionregistration/v1beta1",
			"Rev": "6ee68ca5fd8355d024d02f9db0b3b667e8357a0f"
		},
		{
			"ImportPath": "k8s.io/client-go/listers/apps/v1",
			"Rev": "6ee68ca5fd8355d024d02f9db0b3b667e8357a0f"
		},
		{
			"ImportPath": "k8s.io/client-go/listers/apps/v1beta1",
			"Rev": "6ee68ca5fd8355d024d02f9db0b3b667e8357a0f"
		},
		{
			"ImportPath": "k8s.io/client-go/listers/apps/v1beta2",
			"Rev": "6ee68ca5fd8355d024d02f9db0b3b667e8357a0f"
		},
		{
			"ImportPath": "k8s.io/client-go/listers/auditregistration/v1alpha1",
			"Rev": "6ee68ca5fd8355d024d02f9db0b3b667e8357a0f"
		},
		{
			"ImportPath": "k8s.io/client-go/listers/autoscaling/v1",
			"Rev": "6ee68ca5fd8355d024d02f9db0b3b667e8357a0f"
		},
		{
			"ImportPath": "k8s.io/client-go/listers/autoscaling/v2beta1",
			"Rev": "6ee68ca5fd8355d024d02f9db0b3b667e8357a0f"
		},
		{
			"ImportPath": "k8s.io/client-go/listers/autoscaling/v2beta2",
			"Rev": "6ee68ca5fd8355d024d02f9db0b3b667e8357a0f"
		},
		{
			"ImportPath": "k8s.io/client-go/listers/batch/v1",
			"Rev": "6ee68ca5fd8355d024d02f9db0b3b667e8357a0f"
		},
		{
			"ImportPath": "k8s.io/client-go/listers/batch/v1beta1",
			"Rev": "6ee68ca5fd8355d024d02f9db0b3b667e8357a0f"
		},
		{
			"ImportPath": "k8s.io/client-go/listers/batch/v2alpha1",
			"Rev": "6ee68ca5fd8355d024d02f9db0b3b667e8357a0f"
		},
		{
			"ImportPath": "k8s.io/client-go/listers/certificates/v1beta1",
			"Rev": "6ee68ca5fd8355d024d02f9db0b3b667e8357a0f"
		},
		{
			"ImportPath": "k8s.io/client-go/listers/coordination/v1",
			"Rev": "6ee68ca5fd8355d024d02f9db0b3b667e8357a0f"
		},
		{
			"ImportPath": "k8s.io/client-go/listers/coordination/v1beta1",
			"Rev": "6ee68ca5fd8355d024d02f9db0b3b667e8357a0f"
		},
		{
			"ImportPath": "k8s.io/client-go/listers/core/v1",
			"Rev": "6ee68ca5fd8355d024d02f9db0b3b667e8357a0f"
		},
		{
			"ImportPath": "k8s.io/client-go/listers/events/v1beta1",
			"Rev": "6ee68ca5fd8355d024d02f9db0b3b667e8357a0f"
		},
		{
			"ImportPath": "k8s.io/client-go/listers/extensions/v1beta1",
			"Rev": "6ee68ca5fd8355d024d02f9db0b3b667e8357a0f"
		},
		{
			"ImportPath": "k8s.io/client-go/listers/networking/v1",
			"Rev": "6ee68ca5fd8355d024d02f9db0b3b667e8357a0f"
		},
		{
			"ImportPath": "k8s.io/client-go/listers/networking/v1beta1",
			"Rev": "6ee68ca5fd8355d024d02f9db0b3b667e8357a0f"
		},
		{
			"ImportPath": "k8s.io/client-go/listers/node/v1alpha1",
			"Rev": "6ee68ca5fd8355d024d02f9db0b3b667e8357a0f"
		},
		{
			"ImportPath": "k8s.io/client-go/listers/node/v1beta1",
			"Rev": "6ee68ca5fd8355d024d02f9db0b3b667e8357a0f"
		},
		{
			"ImportPath": "k8s.io/client-go/listers/policy/v1beta1",
			"Rev": "6ee68ca5fd8355d024d02f9db0b3b667e8357a0f"
		},
		{
			"ImportPath": "k8s.io/client-go/listers/rbac/v1",
			"Rev": "6ee68ca5fd8355d024d02f9db0b3b667e8357a0f"
		},
		{
			"ImportPath": "k8s.io/client-go/listers/rbac/v1alpha1",
			"Rev": "6ee68ca5fd8355d024d02f9db0b3b667e8357a0f"
		},
		{
			"ImportPath": "k8s.io/client-go/listers/rbac/v1beta1",
			"Rev": "6ee68ca5fd8355d024d02f9db0b3b667e8357a0f"
		},
		{
			"ImportPath": "k8s.io/client-go/listers/scheduling/v1",
			"Rev": "6ee68ca5fd8355d024d02f9db0b3b667e8357a0f"
		},
		{
			"ImportPath": "k8s.io/client-go/listers/scheduling/v1alpha1",
			"Rev": "6ee68ca5fd8355d024d02f9db0b3b667e8357a0f"
		},
		{
			"ImportPath": "k8s.io/client-go/listers/scheduling/v1beta1",
			"Rev": "6ee68ca5fd8355d024d02f9db0b3b667e8357a0f"
		},
		{
			"ImportPath": "k8s.io/client-go/listers/settings/v1alpha1",
			"Rev": "6ee68ca5fd8355d024d02f9db0b3b667e8357a0f"
		},
		{
			"ImportPath": "k8s.io/client-go/listers/storage/v1",
			"Rev": "6ee68ca5fd8355d024d02f9db0b3b667e8357a0f"
		},
		{
			"ImportPath": "k8s.io/client-go/listers/storage/v1alpha1",
			"Rev": "6ee68ca5fd8355d024d02f9db0b3b667e8357a0f"
		},
		{
			"ImportPath": "k8s.io/client-go/listers/storage/v1beta1",
			"Rev": "6ee68ca5fd8355d024d02f9db0b3b667e8357a0f"
		},
		{
			"ImportPath": "k8s.io/client-go/pkg/apis/clientauthentication",
			"Rev": "6ee68ca5fd8355d024d02f9db0b3b667e8357a0f"
		},
		{
			"ImportPath": "k8s.io/client-go/pkg/apis/clientauthentication/v1alpha1",
			"Rev": "6ee68ca5fd8355d024d02f9db0b3b667e8357a0f"
		},
		{
			"ImportPath": "k8s.io/client-go/pkg/apis/clientauthentication/v1beta1",
			"Rev": "6ee68ca5fd8355d024d02f9db0b3b667e8357a0f"
		},
		{
			"ImportPath": "k8s.io/client-go/pkg/version",
			"Rev": "6ee68ca5fd8355d024d02f9db0b3b667e8357a0f"
		},
		{
			"ImportPath": "k8s.io/client-go/plugin/pkg/client/auth/exec",
			"Rev": "6ee68ca5fd8355d024d02f9db0b3b667e8357a0f"
		},
		{
			"ImportPath": "k8s.io/client-go/rest",
			"Rev": "6ee68ca5fd8355d024d02f9db0b3b667e8357a0f"
		},
		{
			"ImportPath": "k8s.io/client-go/rest/watch",
			"Rev": "6ee68ca5fd8355d024d02f9db0b3b667e8357a0f"
		},
		{
			"ImportPath": "k8s.io/client-go/testing",
			"Rev": "6ee68ca5fd8355d024d02f9db0b3b667e8357a0f"
		},
		{
			"ImportPath": "k8s.io/client-go/tools/auth",
			"Rev": "6ee68ca5fd8355d024d02f9db0b3b667e8357a0f"
		},
		{
			"ImportPath": "k8s.io/client-go/tools/cache",
			"Rev": "6ee68ca5fd8355d024d02f9db0b3b667e8357a0f"
		},
		{
			"ImportPath": "k8s.io/client-go/tools/clientcmd",
			"Rev": "6ee68ca5fd8355d024d02f9db0b3b667e8357a0f"
		},
		{
			"ImportPath": "k8s.io/client-go/tools/clientcmd/api",
			"Rev": "6ee68ca5fd8355d024d02f9db0b3b667e8357a0f"
		},
		{
			"ImportPath": "k8s.io/client-go/tools/clientcmd/api/latest",
			"Rev": "6ee68ca5fd8355d024d02f9db0b3b667e8357a0f"
		},
		{
			"ImportPath": "k8s.io/client-go/tools/clientcmd/api/v1",
			"Rev": "6ee68ca5fd8355d024d02f9db0b3b667e8357a0f"
		},
		{
			"ImportPath": "k8s.io/client-go/tools/metrics",
			"Rev": "6ee68ca5fd8355d024d02f9db0b3b667e8357a0f"
		},
		{
			"ImportPath": "k8s.io/client-go/tools/pager",
			"Rev": "6ee68ca5fd8355d024d02f9db0b3b667e8357a0f"
		},
		{
			"ImportPath": "k8s.io/client-go/tools/record",
			"Rev": "6ee68ca5fd8355d024d02f9db0b3b667e8357a0f"
		},
		{
			"ImportPath": "k8s.io/client-go/tools/record/util",
			"Rev": "6ee68ca5fd8355d024d02f9db0b3b667e8357a0f"
		},
		{
			"ImportPath": "k8s.io/client-go/tools/reference",
			"Rev": "6ee68ca5fd8355d024d02f9db0b3b667e8357a0f"
		},
		{
			"ImportPath": "k8s.io/client-go/transport",
			"Rev": "6ee68ca5fd8355d024d02f9db0b3b667e8357a0f"
		},
		{
			"ImportPath": "k8s.io/client-go/util/cert",
			"Rev": "6ee68ca5fd8355d024d02f9db0b3b667e8357a0f"
		},
		{
			"ImportPath": "k8s.io/client-go/util/connrotation",
			"Rev": "6ee68ca5fd8355d024d02f9db0b3b667e8357a0f"
		},
		{
			"ImportPath": "k8s.io/client-go/util/flowcontrol",
			"Rev": "6ee68ca5fd8355d024d02f9db0b3b667e8357a0f"
		},
		{
			"ImportPath": "k8s.io/client-go/util/homedir",
			"Rev": "6ee68ca5fd8355d024d02f9db0b3b667e8357a0f"
		},
		{
			"ImportPath": "k8s.io/client-go/util/keyutil",
			"Rev": "6ee68ca5fd8355d024d02f9db0b3b667e8357a0f"
		},
		{
			"ImportPath": "k8s.io/client-go/util/retry",
			"Rev": "6ee68ca5fd8355d024d02f9db0b3b667e8357a0f"
		},
		{
			"ImportPath": "k8s.io/client-go/util/workqueue",
			"Rev": "6ee68ca5fd8355d024d02f9db0b3b667e8357a0f"
		},
		{
			"ImportPath": "k8s.io/component-base/cli/flag",
			"Rev": "4a91899592f42b2f5859587cc5a676a5b94d2ee3"
		},
		{
			"ImportPath": "k8s.io/component-base/logs",
			"Rev": "4a91899592f42b2f5859587cc5a676a5b94d2ee3"
		},
		{
			"ImportPath": "k8s.io/klog",
			"Rev": "8e90cee79f823779174776412c13478955131846"
		},
		{
			"ImportPath": "k8s.io/kube-openapi/pkg/aggregator",
			"Rev": "b3a7cee44a305be0a69e1b9ac03018307287e1b0"
		},
		{
			"ImportPath": "k8s.io/kube-openapi/pkg/builder",
			"Rev": "b3a7cee44a305be0a69e1b9ac03018307287e1b0"
		},
		{
			"ImportPath": "k8s.io/kube-openapi/pkg/common",
			"Rev": "b3a7cee44a305be0a69e1b9ac03018307287e1b0"
		},
		{
			"ImportPath": "k8s.io/kube-openapi/pkg/handler",
			"Rev": "b3a7cee44a305be0a69e1b9ac03018307287e1b0"
		},
		{
			"ImportPath": "k8s.io/kube-openapi/pkg/schemaconv",
			"Rev": "b3a7cee44a305be0a69e1b9ac03018307287e1b0"
		},
		{
			"ImportPath": "k8s.io/kube-openapi/pkg/util",
			"Rev": "b3a7cee44a305be0a69e1b9ac03018307287e1b0"
		},
		{
			"ImportPath": "k8s.io/kube-openapi/pkg/util/proto",
			"Rev": "b3a7cee44a305be0a69e1b9ac03018307287e1b0"
		},
		{
			"ImportPath": "k8s.io/utils/buffer",
			"Rev": "c2654d5206da6b7b6ace12841e8f359bb89b443c"
		},
		{
			"ImportPath": "k8s.io/utils/integer",
			"Rev": "c2654d5206da6b7b6ace12841e8f359bb89b443c"
		},
		{
			"ImportPath": "k8s.io/utils/trace",
			"Rev": "c2654d5206da6b7b6ace12841e8f359bb89b443c"
		},
		{
			"ImportPath": "sigs.k8s.io/structured-merge-diff/fieldpath",
			"Rev": "e85c7b244fd2cc57bb829d73a061f93a441e63ce"
		},
		{
			"ImportPath": "sigs.k8s.io/structured-merge-diff/merge",
			"Rev": "e85c7b244fd2cc57bb829d73a061f93a441e63ce"
		},
		{
			"ImportPath": "sigs.k8s.io/structured-merge-diff/schema",
			"Rev": "e85c7b244fd2cc57bb829d73a061f93a441e63ce"
		},
		{
			"ImportPath": "sigs.k8s.io/structured-merge-diff/typed",
			"Rev": "e85c7b244fd2cc57bb829d73a061f93a441e63ce"
		},
		{
			"ImportPath": "sigs.k8s.io/structured-merge-diff/value",
			"Rev": "e85c7b244fd2cc57bb829d73a061f93a441e63ce"
		},
		{
			"ImportPath": "sigs.k8s.io/yaml",
			"Rev": "fd68e9863619f6ec2fdd8625fe1f02e7c877e480"
		}
	]
}
