{
	"ImportPath": "k8s.io/kube-aggregator",
	"GoVersion": "go1.10",
	"GodepVersion": "v80",
	"Packages": [
		"./..."
	],
	"Deps": [
		{
			"ImportPath": "bitbucket.org/ww/goautoneg",
			"Rev": "75cd24fc2f2c2a2088577d12123ddee5f54e0675"
		},
		{
			"ImportPath": "github.com/Azure/go-ansiterm",
			"Rev": "d6e3b3328b783f23731bc4d058875b0371ff8109"
		},
		{
			"ImportPath": "github.com/Azure/go-ansiterm/winterm",
			"Rev": "d6e3b3328b783f23731bc4d058875b0371ff8109"
		},
		{
			"ImportPath": "github.com/NYTimes/gziphandler",
			"Rev": "56545f4a5d46df9a6648819d1664c3a03a13ffdb"
		},
		{
			"ImportPath": "github.com/PuerkitoBio/purell",
			"Rev": "8a290539e2e8629dbc4e6bad948158f790ec31f4"
		},
		{
			"ImportPath": "github.com/PuerkitoBio/urlesc",
			"Rev": "5bd2802263f21d8788851d5305584c82a5c75d7e"
		},
		{
			"ImportPath": "github.com/beorn7/perks/quantile",
			"Rev": "3ac7bf7a47d159a033b107610db8a1b6575507a4"
		},
		{
			"ImportPath": "github.com/coreos/etcd/auth/authpb",
			"Rev": "420a452267a7ce45b3fcbed04d54030d69964fc1"
		},
		{
			"ImportPath": "github.com/coreos/etcd/client",
			"Rev": "420a452267a7ce45b3fcbed04d54030d69964fc1"
		},
		{
			"ImportPath": "github.com/coreos/etcd/clientv3",
			"Rev": "420a452267a7ce45b3fcbed04d54030d69964fc1"
		},
		{
			"ImportPath": "github.com/coreos/etcd/etcdserver/api/v3rpc/rpctypes",
			"Rev": "420a452267a7ce45b3fcbed04d54030d69964fc1"
		},
		{
			"ImportPath": "github.com/coreos/etcd/etcdserver/etcdserverpb",
			"Rev": "420a452267a7ce45b3fcbed04d54030d69964fc1"
		},
		{
			"ImportPath": "github.com/coreos/etcd/mvcc/mvccpb",
			"Rev": "420a452267a7ce45b3fcbed04d54030d69964fc1"
		},
		{
			"ImportPath": "github.com/coreos/etcd/pkg/pathutil",
			"Rev": "420a452267a7ce45b3fcbed04d54030d69964fc1"
		},
		{
			"ImportPath": "github.com/coreos/etcd/pkg/srv",
			"Rev": "420a452267a7ce45b3fcbed04d54030d69964fc1"
		},
		{
			"ImportPath": "github.com/coreos/etcd/pkg/tlsutil",
			"Rev": "420a452267a7ce45b3fcbed04d54030d69964fc1"
		},
		{
			"ImportPath": "github.com/coreos/etcd/pkg/transport",
			"Rev": "420a452267a7ce45b3fcbed04d54030d69964fc1"
		},
		{
			"ImportPath": "github.com/coreos/etcd/pkg/types",
			"Rev": "420a452267a7ce45b3fcbed04d54030d69964fc1"
		},
		{
			"ImportPath": "github.com/coreos/etcd/version",
			"Rev": "420a452267a7ce45b3fcbed04d54030d69964fc1"
		},
		{
			"ImportPath": "github.com/coreos/go-semver/semver",
			"Rev": "568e959cd89871e61434c1143528d9162da89ef2"
		},
		{
			"ImportPath": "github.com/coreos/go-systemd/daemon",
			"Rev": "48702e0da86bd25e76cfef347e2adeb434a0d0a6"
		},
		{
			"ImportPath": "github.com/davecgh/go-spew/spew",
			"Rev": "782f4967f2dc4564575ca782fe2d04090b5faca8"
		},
		{
			"ImportPath": "github.com/docker/docker/pkg/term",
			"Rev": "a9fbbdc8dd8794b20af358382ab780559bca589d"
		},
		{
			"ImportPath": "github.com/docker/docker/pkg/term/windows",
			"Rev": "a9fbbdc8dd8794b20af358382ab780559bca589d"
		},
		{
			"ImportPath": "github.com/docker/spdystream",
			"Rev": "449fdfce4d962303d702fec724ef0ad181c92528"
		},
		{
			"ImportPath": "github.com/docker/spdystream/spdy",
			"Rev": "449fdfce4d962303d702fec724ef0ad181c92528"
		},
		{
			"ImportPath": "github.com/elazarl/go-bindata-assetfs",
			"Rev": "3dcc96556217539f50599357fb481ac0dc7439b9"
		},
		{
			"ImportPath": "github.com/emicklei/go-restful",
			"Rev": "ff4f55a206334ef123e4f79bbf348980da81ca46"
		},
		{
			"ImportPath": "github.com/emicklei/go-restful-swagger12",
			"Rev": "dcef7f55730566d41eae5db10e7d6981829720f6"
		},
		{
			"ImportPath": "github.com/emicklei/go-restful/log",
			"Rev": "ff4f55a206334ef123e4f79bbf348980da81ca46"
		},
		{
			"ImportPath": "github.com/evanphx/json-patch",
			"Rev": "5858425f75500d40c52783dce87d085a483ce135"
		},
		{
			"ImportPath": "github.com/ghodss/yaml",
			"Rev": "73d445a93680fa1a78ae23a5839bad48f32ba1ee"
		},
		{
			"ImportPath": "github.com/go-openapi/jsonpointer",
			"Rev": "46af16f9f7b149af66e5d1bd010e3574dc06de98"
		},
		{
			"ImportPath": "github.com/go-openapi/jsonreference",
			"Rev": "13c6e3589ad90f49bd3e3bbe2c2cb3d7a4142272"
		},
		{
			"ImportPath": "github.com/go-openapi/spec",
			"Rev": "1de3e0542de65ad8d75452a595886fdd0befb363"
		},
		{
			"ImportPath": "github.com/go-openapi/swag",
			"Rev": "f3f9494671f93fcff853e3c6e9e948b3eb71e590"
		},
		{
			"ImportPath": "github.com/gogo/protobuf/proto",
			"Rev": "c0656edd0d9eab7c66d1eb0c568f9039345796f7"
		},
		{
			"ImportPath": "github.com/gogo/protobuf/sortkeys",
			"Rev": "c0656edd0d9eab7c66d1eb0c568f9039345796f7"
		},
		{
			"ImportPath": "github.com/golang/glog",
			"Rev": "44145f04b68cf362d9c4df2182967c2275eaefed"
		},
		{
			"ImportPath": "github.com/golang/protobuf/proto",
			"Rev": "b4deda0973fb4c70b50d226b1af49f3da59f5265"
		},
		{
			"ImportPath": "github.com/golang/protobuf/protoc-gen-go/descriptor",
			"Rev": "b4deda0973fb4c70b50d226b1af49f3da59f5265"
		},
		{
			"ImportPath": "github.com/golang/protobuf/ptypes",
			"Rev": "b4deda0973fb4c70b50d226b1af49f3da59f5265"
		},
		{
			"ImportPath": "github.com/golang/protobuf/ptypes/any",
			"Rev": "b4deda0973fb4c70b50d226b1af49f3da59f5265"
		},
		{
			"ImportPath": "github.com/golang/protobuf/ptypes/duration",
			"Rev": "b4deda0973fb4c70b50d226b1af49f3da59f5265"
		},
		{
			"ImportPath": "github.com/golang/protobuf/ptypes/timestamp",
			"Rev": "b4deda0973fb4c70b50d226b1af49f3da59f5265"
		},
		{
			"ImportPath": "github.com/google/btree",
			"Rev": "7d79101e329e5a3adf994758c578dab82b90c017"
		},
		{
			"ImportPath": "github.com/google/gofuzz",
			"Rev": "44d81051d367757e1c7c6a5a86423ece9afcf63c"
		},
		{
			"ImportPath": "github.com/googleapis/gnostic/OpenAPIv2",
			"Rev": "0c5108395e2debce0d731cf0287ddf7242066aba"
		},
		{
			"ImportPath": "github.com/googleapis/gnostic/compiler",
			"Rev": "0c5108395e2debce0d731cf0287ddf7242066aba"
		},
		{
			"ImportPath": "github.com/googleapis/gnostic/extensions",
			"Rev": "0c5108395e2debce0d731cf0287ddf7242066aba"
		},
		{
			"ImportPath": "github.com/gregjones/httpcache",
			"Rev": "787624de3eb7bd915c329cba748687a3b22666a6"
		},
		{
			"ImportPath": "github.com/gregjones/httpcache/diskcache",
			"Rev": "787624de3eb7bd915c329cba748687a3b22666a6"
		},
		{
			"ImportPath": "github.com/grpc-ecosystem/go-grpc-prometheus",
			"Rev": "2500245aa6110c562d17020fb31a2c133d737799"
		},
		{
			"ImportPath": "github.com/hashicorp/golang-lru",
			"Rev": "a0d98a5f288019575c6d1f4bb1573fef2d1fcdc4"
		},
		{
			"ImportPath": "github.com/hashicorp/golang-lru/simplelru",
			"Rev": "a0d98a5f288019575c6d1f4bb1573fef2d1fcdc4"
		},
		{
			"ImportPath": "github.com/imdario/mergo",
			"Rev": "9316a62528ac99aaecb4e47eadd6dc8aa6533d58"
		},
		{
			"ImportPath": "github.com/inconshreveable/mousetrap",
			"Rev": "76626ae9c91c4f2a10f34cad8ce83ea42c93bb75"
		},
		{
			"ImportPath": "github.com/json-iterator/go",
			"Rev": "f2b4162afba35581b6d4a50d3b8f34e33c144682"
		},
		{
			"ImportPath": "github.com/mailru/easyjson/buffer",
			"Rev": "2f5df55504ebc322e4d52d34df6a1f5b503bf26d"
		},
		{
			"ImportPath": "github.com/mailru/easyjson/jlexer",
			"Rev": "2f5df55504ebc322e4d52d34df6a1f5b503bf26d"
		},
		{
			"ImportPath": "github.com/mailru/easyjson/jwriter",
			"Rev": "2f5df55504ebc322e4d52d34df6a1f5b503bf26d"
		},
		{
			"ImportPath": "github.com/matttproud/golang_protobuf_extensions/pbutil",
			"Rev": "c12348ce28de40eed0136aa2b644d0ee0650e56c"
		},
		{
			"ImportPath": "github.com/modern-go/concurrent",
			"Rev": "bacd9c7ef1dd9b15be4a9909b8ac7a4e313eec94"
		},
		{
			"ImportPath": "github.com/modern-go/reflect2",
			"Rev": "05fbef0ca5da472bbf96c9322b84a53edc03c9fd"
		},
		{
			"ImportPath": "github.com/mxk/go-flowrate/flowrate",
			"Rev": "cca7078d478f8520f85629ad7c68962d31ed7682"
		},
		{
			"ImportPath": "github.com/pborman/uuid",
			"Rev": "ca53cad383cad2479bbba7f7a1a05797ec1386e4"
		},
		{
			"ImportPath": "github.com/peterbourgon/diskv",
			"Rev": "5f041e8faa004a95c88a202771f4cc3e991971e6"
		},
		{
			"ImportPath": "github.com/pmezard/go-difflib/difflib",
			"Rev": "d8ed2627bdf02c080bf22230dbb337003b7aba2d"
		},
		{
			"ImportPath": "github.com/prometheus/client_golang/prometheus",
			"Rev": "e7e903064f5e9eb5da98208bae10b475d4db0f8c"
		},
		{
			"ImportPath": "github.com/prometheus/client_model/go",
			"Rev": "fa8ad6fec33561be4280a8f0514318c79d7f6cb6"
		},
		{
			"ImportPath": "github.com/prometheus/common/expfmt",
			"Rev": "13ba4ddd0caa9c28ca7b7bffe1dfa9ed8d5ef207"
		},
		{
			"ImportPath": "github.com/prometheus/common/internal/bitbucket.org/ww/goautoneg",
			"Rev": "13ba4ddd0caa9c28ca7b7bffe1dfa9ed8d5ef207"
		},
		{
			"ImportPath": "github.com/prometheus/common/model",
			"Rev": "13ba4ddd0caa9c28ca7b7bffe1dfa9ed8d5ef207"
		},
		{
			"ImportPath": "github.com/prometheus/procfs",
			"Rev": "65c1f6f8f0fc1e2185eb9863a3bc751496404259"
		},
		{
			"ImportPath": "github.com/prometheus/procfs/xfs",
			"Rev": "65c1f6f8f0fc1e2185eb9863a3bc751496404259"
		},
		{
			"ImportPath": "github.com/sirupsen/logrus",
			"Rev": "89742aefa4b206dcf400792f3bd35b542998eb3b"
		},
		{
			"ImportPath": "github.com/spf13/cobra",
			"Rev": "c439c4fa093711d42e1b01acb1235b52004753c1"
		},
		{
			"ImportPath": "github.com/spf13/pflag",
			"Rev": "583c0c0531f06d5278b7d917446061adc344b5cd"
		},
		{
			"ImportPath": "github.com/stretchr/testify/assert",
			"Rev": "c679ae2cc0cb27ec3293fea7e254e47386f05d69"
		},
		{
			"ImportPath": "github.com/ugorji/go/codec",
			"Rev": "ded73eae5db7e7a0ef6f55aace87a2873c5d2b74"
		},
		{
			"ImportPath": "golang.org/x/crypto/ssh/terminal",
			"Rev": "de0752318171da717af4ce24d0a2e8626afaeb11"
		},
		{
			"ImportPath": "golang.org/x/net/context",
			"Rev": "0ed95abb35c445290478a5348a7b38bb154135fd"
		},
		{
			"ImportPath": "golang.org/x/net/html",
			"Rev": "0ed95abb35c445290478a5348a7b38bb154135fd"
		},
		{
			"ImportPath": "golang.org/x/net/html/atom",
			"Rev": "0ed95abb35c445290478a5348a7b38bb154135fd"
		},
		{
			"ImportPath": "golang.org/x/net/http2",
			"Rev": "0ed95abb35c445290478a5348a7b38bb154135fd"
		},
		{
			"ImportPath": "golang.org/x/net/http2/hpack",
			"Rev": "0ed95abb35c445290478a5348a7b38bb154135fd"
		},
		{
			"ImportPath": "golang.org/x/net/idna",
			"Rev": "0ed95abb35c445290478a5348a7b38bb154135fd"
		},
		{
			"ImportPath": "golang.org/x/net/internal/timeseries",
			"Rev": "0ed95abb35c445290478a5348a7b38bb154135fd"
		},
		{
			"ImportPath": "golang.org/x/net/lex/httplex",
			"Rev": "0ed95abb35c445290478a5348a7b38bb154135fd"
		},
		{
			"ImportPath": "golang.org/x/net/trace",
			"Rev": "0ed95abb35c445290478a5348a7b38bb154135fd"
		},
		{
			"ImportPath": "golang.org/x/net/websocket",
			"Rev": "0ed95abb35c445290478a5348a7b38bb154135fd"
		},
		{
			"ImportPath": "golang.org/x/oauth2",
			"Rev": "a6bd8cefa1811bd24b86f8902872e4e8225f74c4"
		},
		{
			"ImportPath": "golang.org/x/oauth2/internal",
			"Rev": "a6bd8cefa1811bd24b86f8902872e4e8225f74c4"
		},
		{
			"ImportPath": "golang.org/x/sys/unix",
			"Rev": "95c6576299259db960f6c5b9b69ea52422860fce"
		},
		{
			"ImportPath": "golang.org/x/sys/windows",
			"Rev": "95c6576299259db960f6c5b9b69ea52422860fce"
		},
		{
			"ImportPath": "golang.org/x/text/cases",
			"Rev": "b19bf474d317b857955b12035d2c5acb57ce8b01"
		},
		{
			"ImportPath": "golang.org/x/text/internal",
			"Rev": "b19bf474d317b857955b12035d2c5acb57ce8b01"
		},
		{
			"ImportPath": "golang.org/x/text/internal/tag",
			"Rev": "b19bf474d317b857955b12035d2c5acb57ce8b01"
		},
		{
			"ImportPath": "golang.org/x/text/language",
			"Rev": "b19bf474d317b857955b12035d2c5acb57ce8b01"
		},
		{
			"ImportPath": "golang.org/x/text/runes",
			"Rev": "b19bf474d317b857955b12035d2c5acb57ce8b01"
		},
		{
			"ImportPath": "golang.org/x/text/secure/bidirule",
			"Rev": "b19bf474d317b857955b12035d2c5acb57ce8b01"
		},
		{
			"ImportPath": "golang.org/x/text/secure/precis",
			"Rev": "b19bf474d317b857955b12035d2c5acb57ce8b01"
		},
		{
			"ImportPath": "golang.org/x/text/transform",
			"Rev": "b19bf474d317b857955b12035d2c5acb57ce8b01"
		},
		{
			"ImportPath": "golang.org/x/text/unicode/bidi",
			"Rev": "b19bf474d317b857955b12035d2c5acb57ce8b01"
		},
		{
			"ImportPath": "golang.org/x/text/unicode/norm",
			"Rev": "b19bf474d317b857955b12035d2c5acb57ce8b01"
		},
		{
			"ImportPath": "golang.org/x/text/width",
			"Rev": "b19bf474d317b857955b12035d2c5acb57ce8b01"
		},
		{
			"ImportPath": "golang.org/x/time/rate",
			"Rev": "f51c12702a4d776e4c1fa9b0fabab841babae631"
		},
		{
			"ImportPath": "google.golang.org/genproto/googleapis/api/annotations",
			"Rev": "09f6ed296fc66555a25fe4ce95173148778dfa85"
		},
		{
			"ImportPath": "google.golang.org/genproto/googleapis/rpc/status",
			"Rev": "09f6ed296fc66555a25fe4ce95173148778dfa85"
		},
		{
			"ImportPath": "google.golang.org/grpc",
			"Rev": "5b3c4e850e90a4cf6a20ebd46c8b32a0a3afcb9e"
		},
		{
			"ImportPath": "google.golang.org/grpc/balancer",
			"Rev": "5b3c4e850e90a4cf6a20ebd46c8b32a0a3afcb9e"
		},
		{
			"ImportPath": "google.golang.org/grpc/codes",
			"Rev": "5b3c4e850e90a4cf6a20ebd46c8b32a0a3afcb9e"
		},
		{
			"ImportPath": "google.golang.org/grpc/connectivity",
			"Rev": "5b3c4e850e90a4cf6a20ebd46c8b32a0a3afcb9e"
		},
		{
			"ImportPath": "google.golang.org/grpc/credentials",
			"Rev": "5b3c4e850e90a4cf6a20ebd46c8b32a0a3afcb9e"
		},
		{
			"ImportPath": "google.golang.org/grpc/grpclb/grpc_lb_v1/messages",
			"Rev": "5b3c4e850e90a4cf6a20ebd46c8b32a0a3afcb9e"
		},
		{
			"ImportPath": "google.golang.org/grpc/grpclog",
			"Rev": "5b3c4e850e90a4cf6a20ebd46c8b32a0a3afcb9e"
		},
		{
			"ImportPath": "google.golang.org/grpc/health/grpc_health_v1",
			"Rev": "5b3c4e850e90a4cf6a20ebd46c8b32a0a3afcb9e"
		},
		{
			"ImportPath": "google.golang.org/grpc/internal",
			"Rev": "5b3c4e850e90a4cf6a20ebd46c8b32a0a3afcb9e"
		},
		{
			"ImportPath": "google.golang.org/grpc/keepalive",
			"Rev": "5b3c4e850e90a4cf6a20ebd46c8b32a0a3afcb9e"
		},
		{
			"ImportPath": "google.golang.org/grpc/metadata",
			"Rev": "5b3c4e850e90a4cf6a20ebd46c8b32a0a3afcb9e"
		},
		{
			"ImportPath": "google.golang.org/grpc/naming",
			"Rev": "5b3c4e850e90a4cf6a20ebd46c8b32a0a3afcb9e"
		},
		{
			"ImportPath": "google.golang.org/grpc/peer",
			"Rev": "5b3c4e850e90a4cf6a20ebd46c8b32a0a3afcb9e"
		},
		{
			"ImportPath": "google.golang.org/grpc/resolver",
			"Rev": "5b3c4e850e90a4cf6a20ebd46c8b32a0a3afcb9e"
		},
		{
			"ImportPath": "google.golang.org/grpc/stats",
			"Rev": "5b3c4e850e90a4cf6a20ebd46c8b32a0a3afcb9e"
		},
		{
			"ImportPath": "google.golang.org/grpc/status",
			"Rev": "5b3c4e850e90a4cf6a20ebd46c8b32a0a3afcb9e"
		},
		{
			"ImportPath": "google.golang.org/grpc/tap",
			"Rev": "5b3c4e850e90a4cf6a20ebd46c8b32a0a3afcb9e"
		},
		{
			"ImportPath": "google.golang.org/grpc/transport",
			"Rev": "5b3c4e850e90a4cf6a20ebd46c8b32a0a3afcb9e"
		},
		{
			"ImportPath": "gopkg.in/inf.v0",
			"Rev": "3887ee99ecf07df5b447e9b00d9c0b2adaa9f3e4"
		},
		{
			"ImportPath": "gopkg.in/natefinch/lumberjack.v2",
			"Rev": "20b71e5b60d756d3d2f80def009790325acc2b23"
		},
		{
			"ImportPath": "gopkg.in/yaml.v2",
			"Rev": "670d4cfef0544295bc27a114dbac37980d83185a"
		},
		{
			"ImportPath": "k8s.io/api/admission/v1beta1",
			"Rev": "6db15a15d2d3874a6c3ddb2140ac9f3bc7058428"
		},
		{
			"ImportPath": "k8s.io/api/admissionregistration/v1alpha1",
			"Rev": "6db15a15d2d3874a6c3ddb2140ac9f3bc7058428"
		},
		{
			"ImportPath": "k8s.io/api/admissionregistration/v1beta1",
			"Rev": "6db15a15d2d3874a6c3ddb2140ac9f3bc7058428"
		},
		{
			"ImportPath": "k8s.io/api/apps/v1",
			"Rev": "6db15a15d2d3874a6c3ddb2140ac9f3bc7058428"
		},
		{
			"ImportPath": "k8s.io/api/apps/v1beta1",
			"Rev": "6db15a15d2d3874a6c3ddb2140ac9f3bc7058428"
		},
		{
			"ImportPath": "k8s.io/api/apps/v1beta2",
			"Rev": "6db15a15d2d3874a6c3ddb2140ac9f3bc7058428"
		},
		{
			"ImportPath": "k8s.io/api/authentication/v1",
			"Rev": "6db15a15d2d3874a6c3ddb2140ac9f3bc7058428"
		},
		{
			"ImportPath": "k8s.io/api/authentication/v1beta1",
			"Rev": "6db15a15d2d3874a6c3ddb2140ac9f3bc7058428"
		},
		{
			"ImportPath": "k8s.io/api/authorization/v1",
			"Rev": "6db15a15d2d3874a6c3ddb2140ac9f3bc7058428"
		},
		{
			"ImportPath": "k8s.io/api/authorization/v1beta1",
			"Rev": "6db15a15d2d3874a6c3ddb2140ac9f3bc7058428"
		},
		{
			"ImportPath": "k8s.io/api/autoscaling/v1",
			"Rev": "6db15a15d2d3874a6c3ddb2140ac9f3bc7058428"
		},
		{
			"ImportPath": "k8s.io/api/autoscaling/v2beta1",
			"Rev": "6db15a15d2d3874a6c3ddb2140ac9f3bc7058428"
		},
		{
			"ImportPath": "k8s.io/api/autoscaling/v2beta2",
			"Rev": "6db15a15d2d3874a6c3ddb2140ac9f3bc7058428"
		},
		{
			"ImportPath": "k8s.io/api/batch/v1",
			"Rev": "6db15a15d2d3874a6c3ddb2140ac9f3bc7058428"
		},
		{
			"ImportPath": "k8s.io/api/batch/v1beta1",
			"Rev": "6db15a15d2d3874a6c3ddb2140ac9f3bc7058428"
		},
		{
			"ImportPath": "k8s.io/api/batch/v2alpha1",
			"Rev": "6db15a15d2d3874a6c3ddb2140ac9f3bc7058428"
		},
		{
			"ImportPath": "k8s.io/api/certificates/v1beta1",
			"Rev": "6db15a15d2d3874a6c3ddb2140ac9f3bc7058428"
		},
		{
			"ImportPath": "k8s.io/api/coordination/v1beta1",
			"Rev": "6db15a15d2d3874a6c3ddb2140ac9f3bc7058428"
		},
		{
			"ImportPath": "k8s.io/api/core/v1",
			"Rev": "6db15a15d2d3874a6c3ddb2140ac9f3bc7058428"
		},
		{
			"ImportPath": "k8s.io/api/events/v1beta1",
			"Rev": "6db15a15d2d3874a6c3ddb2140ac9f3bc7058428"
		},
		{
			"ImportPath": "k8s.io/api/extensions/v1beta1",
			"Rev": "6db15a15d2d3874a6c3ddb2140ac9f3bc7058428"
		},
		{
			"ImportPath": "k8s.io/api/networking/v1",
			"Rev": "6db15a15d2d3874a6c3ddb2140ac9f3bc7058428"
		},
		{
			"ImportPath": "k8s.io/api/policy/v1beta1",
			"Rev": "6db15a15d2d3874a6c3ddb2140ac9f3bc7058428"
		},
		{
			"ImportPath": "k8s.io/api/rbac/v1",
			"Rev": "6db15a15d2d3874a6c3ddb2140ac9f3bc7058428"
		},
		{
			"ImportPath": "k8s.io/api/rbac/v1alpha1",
			"Rev": "6db15a15d2d3874a6c3ddb2140ac9f3bc7058428"
		},
		{
			"ImportPath": "k8s.io/api/rbac/v1beta1",
			"Rev": "6db15a15d2d3874a6c3ddb2140ac9f3bc7058428"
		},
		{
			"ImportPath": "k8s.io/api/scheduling/v1alpha1",
			"Rev": "6db15a15d2d3874a6c3ddb2140ac9f3bc7058428"
		},
		{
			"ImportPath": "k8s.io/api/scheduling/v1beta1",
			"Rev": "6db15a15d2d3874a6c3ddb2140ac9f3bc7058428"
		},
		{
			"ImportPath": "k8s.io/api/settings/v1alpha1",
			"Rev": "6db15a15d2d3874a6c3ddb2140ac9f3bc7058428"
		},
		{
			"ImportPath": "k8s.io/api/storage/v1",
			"Rev": "6db15a15d2d3874a6c3ddb2140ac9f3bc7058428"
		},
		{
			"ImportPath": "k8s.io/api/storage/v1alpha1",
			"Rev": "6db15a15d2d3874a6c3ddb2140ac9f3bc7058428"
		},
		{
			"ImportPath": "k8s.io/api/storage/v1beta1",
			"Rev": "6db15a15d2d3874a6c3ddb2140ac9f3bc7058428"
		},
		{
			"ImportPath": "k8s.io/apimachinery/pkg/api/equality",
			"Rev": "01f179d85dbce0f2e0e4351a92394b38694b7cae"
		},
		{
			"ImportPath": "k8s.io/apimachinery/pkg/api/errors",
			"Rev": "01f179d85dbce0f2e0e4351a92394b38694b7cae"
		},
		{
			"ImportPath": "k8s.io/apimachinery/pkg/api/meta",
			"Rev": "01f179d85dbce0f2e0e4351a92394b38694b7cae"
		},
		{
			"ImportPath": "k8s.io/apimachinery/pkg/api/meta/table",
			"Rev": "01f179d85dbce0f2e0e4351a92394b38694b7cae"
		},
		{
			"ImportPath": "k8s.io/apimachinery/pkg/api/resource",
			"Rev": "01f179d85dbce0f2e0e4351a92394b38694b7cae"
		},
		{
			"ImportPath": "k8s.io/apimachinery/pkg/api/validation",
			"Rev": "01f179d85dbce0f2e0e4351a92394b38694b7cae"
		},
		{
			"ImportPath": "k8s.io/apimachinery/pkg/api/validation/path",
			"Rev": "01f179d85dbce0f2e0e4351a92394b38694b7cae"
		},
		{
			"ImportPath": "k8s.io/apimachinery/pkg/apis/meta/internalversion",
			"Rev": "01f179d85dbce0f2e0e4351a92394b38694b7cae"
		},
		{
			"ImportPath": "k8s.io/apimachinery/pkg/apis/meta/v1",
			"Rev": "01f179d85dbce0f2e0e4351a92394b38694b7cae"
		},
		{
			"ImportPath": "k8s.io/apimachinery/pkg/apis/meta/v1/unstructured",
			"Rev": "01f179d85dbce0f2e0e4351a92394b38694b7cae"
		},
		{
			"ImportPath": "k8s.io/apimachinery/pkg/apis/meta/v1/validation",
			"Rev": "01f179d85dbce0f2e0e4351a92394b38694b7cae"
		},
		{
			"ImportPath": "k8s.io/apimachinery/pkg/apis/meta/v1beta1",
			"Rev": "01f179d85dbce0f2e0e4351a92394b38694b7cae"
		},
		{
			"ImportPath": "k8s.io/apimachinery/pkg/conversion",
			"Rev": "01f179d85dbce0f2e0e4351a92394b38694b7cae"
		},
		{
			"ImportPath": "k8s.io/apimachinery/pkg/conversion/queryparams",
			"Rev": "01f179d85dbce0f2e0e4351a92394b38694b7cae"
		},
		{
			"ImportPath": "k8s.io/apimachinery/pkg/fields",
			"Rev": "01f179d85dbce0f2e0e4351a92394b38694b7cae"
		},
		{
			"ImportPath": "k8s.io/apimachinery/pkg/labels",
			"Rev": "01f179d85dbce0f2e0e4351a92394b38694b7cae"
		},
		{
			"ImportPath": "k8s.io/apimachinery/pkg/runtime",
			"Rev": "01f179d85dbce0f2e0e4351a92394b38694b7cae"
		},
		{
			"ImportPath": "k8s.io/apimachinery/pkg/runtime/schema",
			"Rev": "01f179d85dbce0f2e0e4351a92394b38694b7cae"
		},
		{
			"ImportPath": "k8s.io/apimachinery/pkg/runtime/serializer",
			"Rev": "01f179d85dbce0f2e0e4351a92394b38694b7cae"
		},
		{
			"ImportPath": "k8s.io/apimachinery/pkg/runtime/serializer/json",
			"Rev": "01f179d85dbce0f2e0e4351a92394b38694b7cae"
		},
		{
			"ImportPath": "k8s.io/apimachinery/pkg/runtime/serializer/protobuf",
			"Rev": "01f179d85dbce0f2e0e4351a92394b38694b7cae"
		},
		{
			"ImportPath": "k8s.io/apimachinery/pkg/runtime/serializer/recognizer",
			"Rev": "01f179d85dbce0f2e0e4351a92394b38694b7cae"
		},
		{
			"ImportPath": "k8s.io/apimachinery/pkg/runtime/serializer/streaming",
			"Rev": "01f179d85dbce0f2e0e4351a92394b38694b7cae"
		},
		{
			"ImportPath": "k8s.io/apimachinery/pkg/runtime/serializer/versioning",
			"Rev": "01f179d85dbce0f2e0e4351a92394b38694b7cae"
		},
		{
			"ImportPath": "k8s.io/apimachinery/pkg/selection",
			"Rev": "01f179d85dbce0f2e0e4351a92394b38694b7cae"
		},
		{
			"ImportPath": "k8s.io/apimachinery/pkg/types",
			"Rev": "01f179d85dbce0f2e0e4351a92394b38694b7cae"
		},
		{
			"ImportPath": "k8s.io/apimachinery/pkg/util/cache",
			"Rev": "01f179d85dbce0f2e0e4351a92394b38694b7cae"
		},
		{
			"ImportPath": "k8s.io/apimachinery/pkg/util/clock",
			"Rev": "01f179d85dbce0f2e0e4351a92394b38694b7cae"
		},
		{
			"ImportPath": "k8s.io/apimachinery/pkg/util/diff",
			"Rev": "01f179d85dbce0f2e0e4351a92394b38694b7cae"
		},
		{
			"ImportPath": "k8s.io/apimachinery/pkg/util/duration",
			"Rev": "01f179d85dbce0f2e0e4351a92394b38694b7cae"
		},
		{
			"ImportPath": "k8s.io/apimachinery/pkg/util/errors",
			"Rev": "01f179d85dbce0f2e0e4351a92394b38694b7cae"
		},
		{
			"ImportPath": "k8s.io/apimachinery/pkg/util/framer",
			"Rev": "01f179d85dbce0f2e0e4351a92394b38694b7cae"
		},
		{
			"ImportPath": "k8s.io/apimachinery/pkg/util/httpstream",
			"Rev": "01f179d85dbce0f2e0e4351a92394b38694b7cae"
		},
		{
			"ImportPath": "k8s.io/apimachinery/pkg/util/httpstream/spdy",
			"Rev": "01f179d85dbce0f2e0e4351a92394b38694b7cae"
		},
		{
			"ImportPath": "k8s.io/apimachinery/pkg/util/intstr",
			"Rev": "01f179d85dbce0f2e0e4351a92394b38694b7cae"
		},
		{
			"ImportPath": "k8s.io/apimachinery/pkg/util/json",
			"Rev": "01f179d85dbce0f2e0e4351a92394b38694b7cae"
		},
		{
			"ImportPath": "k8s.io/apimachinery/pkg/util/mergepatch",
			"Rev": "01f179d85dbce0f2e0e4351a92394b38694b7cae"
		},
		{
			"ImportPath": "k8s.io/apimachinery/pkg/util/naming",
			"Rev": "01f179d85dbce0f2e0e4351a92394b38694b7cae"
		},
		{
			"ImportPath": "k8s.io/apimachinery/pkg/util/net",
			"Rev": "01f179d85dbce0f2e0e4351a92394b38694b7cae"
		},
		{
			"ImportPath": "k8s.io/apimachinery/pkg/util/proxy",
			"Rev": "01f179d85dbce0f2e0e4351a92394b38694b7cae"
		},
		{
			"ImportPath": "k8s.io/apimachinery/pkg/util/rand",
			"Rev": "01f179d85dbce0f2e0e4351a92394b38694b7cae"
		},
		{
			"ImportPath": "k8s.io/apimachinery/pkg/util/runtime",
			"Rev": "01f179d85dbce0f2e0e4351a92394b38694b7cae"
		},
		{
			"ImportPath": "k8s.io/apimachinery/pkg/util/sets",
			"Rev": "01f179d85dbce0f2e0e4351a92394b38694b7cae"
		},
		{
			"ImportPath": "k8s.io/apimachinery/pkg/util/strategicpatch",
			"Rev": "01f179d85dbce0f2e0e4351a92394b38694b7cae"
		},
		{
			"ImportPath": "k8s.io/apimachinery/pkg/util/uuid",
			"Rev": "01f179d85dbce0f2e0e4351a92394b38694b7cae"
		},
		{
			"ImportPath": "k8s.io/apimachinery/pkg/util/validation",
			"Rev": "01f179d85dbce0f2e0e4351a92394b38694b7cae"
		},
		{
			"ImportPath": "k8s.io/apimachinery/pkg/util/validation/field",
			"Rev": "01f179d85dbce0f2e0e4351a92394b38694b7cae"
		},
		{
			"ImportPath": "k8s.io/apimachinery/pkg/util/wait",
			"Rev": "01f179d85dbce0f2e0e4351a92394b38694b7cae"
		},
		{
			"ImportPath": "k8s.io/apimachinery/pkg/util/waitgroup",
			"Rev": "01f179d85dbce0f2e0e4351a92394b38694b7cae"
		},
		{
			"ImportPath": "k8s.io/apimachinery/pkg/util/yaml",
			"Rev": "01f179d85dbce0f2e0e4351a92394b38694b7cae"
		},
		{
			"ImportPath": "k8s.io/apimachinery/pkg/version",
			"Rev": "01f179d85dbce0f2e0e4351a92394b38694b7cae"
		},
		{
			"ImportPath": "k8s.io/apimachinery/pkg/watch",
			"Rev": "01f179d85dbce0f2e0e4351a92394b38694b7cae"
		},
		{
			"ImportPath": "k8s.io/apimachinery/third_party/forked/golang/json",
			"Rev": "01f179d85dbce0f2e0e4351a92394b38694b7cae"
		},
		{
			"ImportPath": "k8s.io/apimachinery/third_party/forked/golang/netutil",
			"Rev": "01f179d85dbce0f2e0e4351a92394b38694b7cae"
		},
		{
			"ImportPath": "k8s.io/apimachinery/third_party/forked/golang/reflect",
			"Rev": "01f179d85dbce0f2e0e4351a92394b38694b7cae"
		},
		{
			"ImportPath": "k8s.io/apiserver/pkg/admission",
			"Rev": "555e87fe23df032915f4a62ce3f944488358af5f"
		},
		{
			"ImportPath": "k8s.io/apiserver/pkg/admission/configuration",
			"Rev": "555e87fe23df032915f4a62ce3f944488358af5f"
		},
		{
			"ImportPath": "k8s.io/apiserver/pkg/admission/initializer",
			"Rev": "555e87fe23df032915f4a62ce3f944488358af5f"
		},
		{
			"ImportPath": "k8s.io/apiserver/pkg/admission/metrics",
			"Rev": "555e87fe23df032915f4a62ce3f944488358af5f"
		},
		{
			"ImportPath": "k8s.io/apiserver/pkg/admission/plugin/initialization",
			"Rev": "555e87fe23df032915f4a62ce3f944488358af5f"
		},
		{
			"ImportPath": "k8s.io/apiserver/pkg/admission/plugin/namespace/lifecycle",
			"Rev": "555e87fe23df032915f4a62ce3f944488358af5f"
		},
		{
			"ImportPath": "k8s.io/apiserver/pkg/admission/plugin/webhook/config",
			"Rev": "555e87fe23df032915f4a62ce3f944488358af5f"
		},
		{
			"ImportPath": "k8s.io/apiserver/pkg/admission/plugin/webhook/config/apis/webhookadmission",
			"Rev": "555e87fe23df032915f4a62ce3f944488358af5f"
		},
		{
			"ImportPath": "k8s.io/apiserver/pkg/admission/plugin/webhook/config/apis/webhookadmission/v1alpha1",
			"Rev": "555e87fe23df032915f4a62ce3f944488358af5f"
		},
		{
			"ImportPath": "k8s.io/apiserver/pkg/admission/plugin/webhook/errors",
			"Rev": "555e87fe23df032915f4a62ce3f944488358af5f"
		},
		{
			"ImportPath": "k8s.io/apiserver/pkg/admission/plugin/webhook/generic",
			"Rev": "555e87fe23df032915f4a62ce3f944488358af5f"
		},
		{
			"ImportPath": "k8s.io/apiserver/pkg/admission/plugin/webhook/mutating",
			"Rev": "555e87fe23df032915f4a62ce3f944488358af5f"
		},
		{
			"ImportPath": "k8s.io/apiserver/pkg/admission/plugin/webhook/namespace",
			"Rev": "555e87fe23df032915f4a62ce3f944488358af5f"
		},
		{
			"ImportPath": "k8s.io/apiserver/pkg/admission/plugin/webhook/request",
			"Rev": "555e87fe23df032915f4a62ce3f944488358af5f"
		},
		{
			"ImportPath": "k8s.io/apiserver/pkg/admission/plugin/webhook/rules",
			"Rev": "555e87fe23df032915f4a62ce3f944488358af5f"
		},
		{
			"ImportPath": "k8s.io/apiserver/pkg/admission/plugin/webhook/util",
			"Rev": "555e87fe23df032915f4a62ce3f944488358af5f"
		},
		{
			"ImportPath": "k8s.io/apiserver/pkg/admission/plugin/webhook/validating",
			"Rev": "555e87fe23df032915f4a62ce3f944488358af5f"
		},
		{
			"ImportPath": "k8s.io/apiserver/pkg/apis/apiserver",
			"Rev": "555e87fe23df032915f4a62ce3f944488358af5f"
		},
		{
			"ImportPath": "k8s.io/apiserver/pkg/apis/apiserver/install",
			"Rev": "555e87fe23df032915f4a62ce3f944488358af5f"
		},
		{
			"ImportPath": "k8s.io/apiserver/pkg/apis/apiserver/v1alpha1",
			"Rev": "555e87fe23df032915f4a62ce3f944488358af5f"
		},
		{
			"ImportPath": "k8s.io/apiserver/pkg/apis/audit",
			"Rev": "555e87fe23df032915f4a62ce3f944488358af5f"
		},
		{
			"ImportPath": "k8s.io/apiserver/pkg/apis/audit/install",
			"Rev": "555e87fe23df032915f4a62ce3f944488358af5f"
		},
		{
			"ImportPath": "k8s.io/apiserver/pkg/apis/audit/v1",
			"Rev": "555e87fe23df032915f4a62ce3f944488358af5f"
		},
		{
			"ImportPath": "k8s.io/apiserver/pkg/apis/audit/v1alpha1",
			"Rev": "555e87fe23df032915f4a62ce3f944488358af5f"
		},
		{
			"ImportPath": "k8s.io/apiserver/pkg/apis/audit/v1beta1",
			"Rev": "555e87fe23df032915f4a62ce3f944488358af5f"
		},
		{
			"ImportPath": "k8s.io/apiserver/pkg/apis/audit/validation",
			"Rev": "555e87fe23df032915f4a62ce3f944488358af5f"
		},
		{
			"ImportPath": "k8s.io/apiserver/pkg/audit",
			"Rev": "555e87fe23df032915f4a62ce3f944488358af5f"
		},
		{
			"ImportPath": "k8s.io/apiserver/pkg/audit/policy",
			"Rev": "555e87fe23df032915f4a62ce3f944488358af5f"
		},
		{
			"ImportPath": "k8s.io/apiserver/pkg/authentication/authenticator",
			"Rev": "555e87fe23df032915f4a62ce3f944488358af5f"
		},
		{
			"ImportPath": "k8s.io/apiserver/pkg/authentication/authenticatorfactory",
			"Rev": "555e87fe23df032915f4a62ce3f944488358af5f"
		},
		{
			"ImportPath": "k8s.io/apiserver/pkg/authentication/group",
			"Rev": "555e87fe23df032915f4a62ce3f944488358af5f"
		},
		{
			"ImportPath": "k8s.io/apiserver/pkg/authentication/request/anonymous",
			"Rev": "555e87fe23df032915f4a62ce3f944488358af5f"
		},
		{
			"ImportPath": "k8s.io/apiserver/pkg/authentication/request/bearertoken",
			"Rev": "555e87fe23df032915f4a62ce3f944488358af5f"
		},
		{
			"ImportPath": "k8s.io/apiserver/pkg/authentication/request/headerrequest",
			"Rev": "555e87fe23df032915f4a62ce3f944488358af5f"
		},
		{
			"ImportPath": "k8s.io/apiserver/pkg/authentication/request/union",
			"Rev": "555e87fe23df032915f4a62ce3f944488358af5f"
		},
		{
			"ImportPath": "k8s.io/apiserver/pkg/authentication/request/websocket",
			"Rev": "555e87fe23df032915f4a62ce3f944488358af5f"
		},
		{
			"ImportPath": "k8s.io/apiserver/pkg/authentication/request/x509",
			"Rev": "555e87fe23df032915f4a62ce3f944488358af5f"
		},
		{
			"ImportPath": "k8s.io/apiserver/pkg/authentication/serviceaccount",
			"Rev": "555e87fe23df032915f4a62ce3f944488358af5f"
		},
		{
			"ImportPath": "k8s.io/apiserver/pkg/authentication/token/tokenfile",
			"Rev": "555e87fe23df032915f4a62ce3f944488358af5f"
		},
		{
			"ImportPath": "k8s.io/apiserver/pkg/authentication/user",
			"Rev": "555e87fe23df032915f4a62ce3f944488358af5f"
		},
		{
			"ImportPath": "k8s.io/apiserver/pkg/authorization/authorizer",
			"Rev": "555e87fe23df032915f4a62ce3f944488358af5f"
		},
		{
			"ImportPath": "k8s.io/apiserver/pkg/authorization/authorizerfactory",
			"Rev": "555e87fe23df032915f4a62ce3f944488358af5f"
		},
		{
			"ImportPath": "k8s.io/apiserver/pkg/authorization/path",
			"Rev": "555e87fe23df032915f4a62ce3f944488358af5f"
		},
		{
			"ImportPath": "k8s.io/apiserver/pkg/authorization/union",
			"Rev": "555e87fe23df032915f4a62ce3f944488358af5f"
		},
		{
			"ImportPath": "k8s.io/apiserver/pkg/endpoints",
			"Rev": "555e87fe23df032915f4a62ce3f944488358af5f"
		},
		{
			"ImportPath": "k8s.io/apiserver/pkg/endpoints/discovery",
			"Rev": "555e87fe23df032915f4a62ce3f944488358af5f"
		},
		{
			"ImportPath": "k8s.io/apiserver/pkg/endpoints/filters",
			"Rev": "555e87fe23df032915f4a62ce3f944488358af5f"
		},
		{
			"ImportPath": "k8s.io/apiserver/pkg/endpoints/handlers",
			"Rev": "555e87fe23df032915f4a62ce3f944488358af5f"
		},
		{
			"ImportPath": "k8s.io/apiserver/pkg/endpoints/handlers/negotiation",
			"Rev": "555e87fe23df032915f4a62ce3f944488358af5f"
		},
		{
			"ImportPath": "k8s.io/apiserver/pkg/endpoints/handlers/responsewriters",
			"Rev": "555e87fe23df032915f4a62ce3f944488358af5f"
		},
		{
			"ImportPath": "k8s.io/apiserver/pkg/endpoints/metrics",
			"Rev": "555e87fe23df032915f4a62ce3f944488358af5f"
		},
		{
			"ImportPath": "k8s.io/apiserver/pkg/endpoints/openapi",
			"Rev": "555e87fe23df032915f4a62ce3f944488358af5f"
		},
		{
			"ImportPath": "k8s.io/apiserver/pkg/endpoints/request",
			"Rev": "555e87fe23df032915f4a62ce3f944488358af5f"
		},
		{
			"ImportPath": "k8s.io/apiserver/pkg/features",
			"Rev": "555e87fe23df032915f4a62ce3f944488358af5f"
		},
		{
			"ImportPath": "k8s.io/apiserver/pkg/registry/generic",
			"Rev": "555e87fe23df032915f4a62ce3f944488358af5f"
		},
		{
			"ImportPath": "k8s.io/apiserver/pkg/registry/generic/registry",
			"Rev": "555e87fe23df032915f4a62ce3f944488358af5f"
		},
		{
			"ImportPath": "k8s.io/apiserver/pkg/registry/rest",
			"Rev": "555e87fe23df032915f4a62ce3f944488358af5f"
		},
		{
			"ImportPath": "k8s.io/apiserver/pkg/server",
			"Rev": "555e87fe23df032915f4a62ce3f944488358af5f"
		},
		{
			"ImportPath": "k8s.io/apiserver/pkg/server/filters",
			"Rev": "555e87fe23df032915f4a62ce3f944488358af5f"
		},
		{
			"ImportPath": "k8s.io/apiserver/pkg/server/healthz",
			"Rev": "555e87fe23df032915f4a62ce3f944488358af5f"
		},
		{
			"ImportPath": "k8s.io/apiserver/pkg/server/httplog",
			"Rev": "555e87fe23df032915f4a62ce3f944488358af5f"
		},
		{
			"ImportPath": "k8s.io/apiserver/pkg/server/mux",
			"Rev": "555e87fe23df032915f4a62ce3f944488358af5f"
		},
		{
			"ImportPath": "k8s.io/apiserver/pkg/server/options",
			"Rev": "555e87fe23df032915f4a62ce3f944488358af5f"
		},
		{
			"ImportPath": "k8s.io/apiserver/pkg/server/resourceconfig",
			"Rev": "555e87fe23df032915f4a62ce3f944488358af5f"
		},
		{
			"ImportPath": "k8s.io/apiserver/pkg/server/routes",
			"Rev": "555e87fe23df032915f4a62ce3f944488358af5f"
		},
		{
			"ImportPath": "k8s.io/apiserver/pkg/server/routes/data/swagger",
			"Rev": "555e87fe23df032915f4a62ce3f944488358af5f"
		},
		{
			"ImportPath": "k8s.io/apiserver/pkg/server/storage",
			"Rev": "555e87fe23df032915f4a62ce3f944488358af5f"
		},
		{
			"ImportPath": "k8s.io/apiserver/pkg/storage",
			"Rev": "555e87fe23df032915f4a62ce3f944488358af5f"
		},
		{
			"ImportPath": "k8s.io/apiserver/pkg/storage/cacher",
			"Rev": "555e87fe23df032915f4a62ce3f944488358af5f"
		},
		{
			"ImportPath": "k8s.io/apiserver/pkg/storage/errors",
			"Rev": "555e87fe23df032915f4a62ce3f944488358af5f"
		},
		{
			"ImportPath": "k8s.io/apiserver/pkg/storage/etcd",
			"Rev": "555e87fe23df032915f4a62ce3f944488358af5f"
		},
		{
			"ImportPath": "k8s.io/apiserver/pkg/storage/etcd/metrics",
			"Rev": "555e87fe23df032915f4a62ce3f944488358af5f"
		},
		{
			"ImportPath": "k8s.io/apiserver/pkg/storage/etcd/util",
			"Rev": "555e87fe23df032915f4a62ce3f944488358af5f"
		},
		{
			"ImportPath": "k8s.io/apiserver/pkg/storage/etcd3",
			"Rev": "555e87fe23df032915f4a62ce3f944488358af5f"
		},
		{
			"ImportPath": "k8s.io/apiserver/pkg/storage/names",
			"Rev": "555e87fe23df032915f4a62ce3f944488358af5f"
		},
		{
			"ImportPath": "k8s.io/apiserver/pkg/storage/storagebackend",
			"Rev": "555e87fe23df032915f4a62ce3f944488358af5f"
		},
		{
			"ImportPath": "k8s.io/apiserver/pkg/storage/storagebackend/factory",
			"Rev": "555e87fe23df032915f4a62ce3f944488358af5f"
		},
		{
			"ImportPath": "k8s.io/apiserver/pkg/storage/value",
			"Rev": "555e87fe23df032915f4a62ce3f944488358af5f"
		},
		{
			"ImportPath": "k8s.io/apiserver/pkg/util/dryrun",
			"Rev": "555e87fe23df032915f4a62ce3f944488358af5f"
		},
		{
			"ImportPath": "k8s.io/apiserver/pkg/util/feature",
			"Rev": "555e87fe23df032915f4a62ce3f944488358af5f"
		},
		{
			"ImportPath": "k8s.io/apiserver/pkg/util/flag",
			"Rev": "555e87fe23df032915f4a62ce3f944488358af5f"
		},
		{
			"ImportPath": "k8s.io/apiserver/pkg/util/flushwriter",
			"Rev": "555e87fe23df032915f4a62ce3f944488358af5f"
		},
		{
			"ImportPath": "k8s.io/apiserver/pkg/util/logs",
			"Rev": "555e87fe23df032915f4a62ce3f944488358af5f"
		},
		{
			"ImportPath": "k8s.io/apiserver/pkg/util/openapi",
			"Rev": "555e87fe23df032915f4a62ce3f944488358af5f"
		},
		{
			"ImportPath": "k8s.io/apiserver/pkg/util/proxy",
			"Rev": "555e87fe23df032915f4a62ce3f944488358af5f"
		},
		{
			"ImportPath": "k8s.io/apiserver/pkg/util/trace",
			"Rev": "555e87fe23df032915f4a62ce3f944488358af5f"
		},
		{
			"ImportPath": "k8s.io/apiserver/pkg/util/webhook",
			"Rev": "555e87fe23df032915f4a62ce3f944488358af5f"
		},
		{
			"ImportPath": "k8s.io/apiserver/pkg/util/wsstream",
			"Rev": "555e87fe23df032915f4a62ce3f944488358af5f"
		},
		{
			"ImportPath": "k8s.io/apiserver/plugin/pkg/audit/buffered",
			"Rev": "555e87fe23df032915f4a62ce3f944488358af5f"
		},
		{
			"ImportPath": "k8s.io/apiserver/plugin/pkg/audit/log",
			"Rev": "555e87fe23df032915f4a62ce3f944488358af5f"
		},
		{
			"ImportPath": "k8s.io/apiserver/plugin/pkg/audit/truncate",
			"Rev": "555e87fe23df032915f4a62ce3f944488358af5f"
		},
		{
			"ImportPath": "k8s.io/apiserver/plugin/pkg/audit/webhook",
			"Rev": "555e87fe23df032915f4a62ce3f944488358af5f"
		},
		{
			"ImportPath": "k8s.io/apiserver/plugin/pkg/authenticator/token/webhook",
			"Rev": "555e87fe23df032915f4a62ce3f944488358af5f"
		},
		{
			"ImportPath": "k8s.io/apiserver/plugin/pkg/authorizer/webhook",
			"Rev": "555e87fe23df032915f4a62ce3f944488358af5f"
		},
		{
			"ImportPath": "k8s.io/client-go/discovery",
			"Rev": "701b913670036511e3d752318272c97f1a2a2edd"
		},
		{
			"ImportPath": "k8s.io/client-go/discovery/fake",
			"Rev": "701b913670036511e3d752318272c97f1a2a2edd"
		},
		{
			"ImportPath": "k8s.io/client-go/informers",
			"Rev": "701b913670036511e3d752318272c97f1a2a2edd"
		},
		{
			"ImportPath": "k8s.io/client-go/informers/admissionregistration",
			"Rev": "701b913670036511e3d752318272c97f1a2a2edd"
		},
		{
			"ImportPath": "k8s.io/client-go/informers/admissionregistration/v1alpha1",
			"Rev": "701b913670036511e3d752318272c97f1a2a2edd"
		},
		{
			"ImportPath": "k8s.io/client-go/informers/admissionregistration/v1beta1",
			"Rev": "701b913670036511e3d752318272c97f1a2a2edd"
		},
		{
			"ImportPath": "k8s.io/client-go/informers/apps",
			"Rev": "701b913670036511e3d752318272c97f1a2a2edd"
		},
		{
			"ImportPath": "k8s.io/client-go/informers/apps/v1",
			"Rev": "701b913670036511e3d752318272c97f1a2a2edd"
		},
		{
			"ImportPath": "k8s.io/client-go/informers/apps/v1beta1",
			"Rev": "701b913670036511e3d752318272c97f1a2a2edd"
		},
		{
			"ImportPath": "k8s.io/client-go/informers/apps/v1beta2",
			"Rev": "701b913670036511e3d752318272c97f1a2a2edd"
		},
		{
			"ImportPath": "k8s.io/client-go/informers/autoscaling",
			"Rev": "701b913670036511e3d752318272c97f1a2a2edd"
		},
		{
			"ImportPath": "k8s.io/client-go/informers/autoscaling/v1",
			"Rev": "701b913670036511e3d752318272c97f1a2a2edd"
		},
		{
			"ImportPath": "k8s.io/client-go/informers/autoscaling/v2beta1",
			"Rev": "701b913670036511e3d752318272c97f1a2a2edd"
		},
		{
			"ImportPath": "k8s.io/client-go/informers/autoscaling/v2beta2",
			"Rev": "701b913670036511e3d752318272c97f1a2a2edd"
		},
		{
			"ImportPath": "k8s.io/client-go/informers/batch",
			"Rev": "701b913670036511e3d752318272c97f1a2a2edd"
		},
		{
			"ImportPath": "k8s.io/client-go/informers/batch/v1",
			"Rev": "701b913670036511e3d752318272c97f1a2a2edd"
		},
		{
			"ImportPath": "k8s.io/client-go/informers/batch/v1beta1",
			"Rev": "701b913670036511e3d752318272c97f1a2a2edd"
		},
		{
			"ImportPath": "k8s.io/client-go/informers/batch/v2alpha1",
			"Rev": "701b913670036511e3d752318272c97f1a2a2edd"
		},
		{
			"ImportPath": "k8s.io/client-go/informers/certificates",
			"Rev": "701b913670036511e3d752318272c97f1a2a2edd"
		},
		{
			"ImportPath": "k8s.io/client-go/informers/certificates/v1beta1",
			"Rev": "701b913670036511e3d752318272c97f1a2a2edd"
		},
		{
			"ImportPath": "k8s.io/client-go/informers/coordination",
			"Rev": "701b913670036511e3d752318272c97f1a2a2edd"
		},
		{
			"ImportPath": "k8s.io/client-go/informers/coordination/v1beta1",
			"Rev": "701b913670036511e3d752318272c97f1a2a2edd"
		},
		{
			"ImportPath": "k8s.io/client-go/informers/core",
			"Rev": "701b913670036511e3d752318272c97f1a2a2edd"
		},
		{
			"ImportPath": "k8s.io/client-go/informers/core/v1",
			"Rev": "701b913670036511e3d752318272c97f1a2a2edd"
		},
		{
			"ImportPath": "k8s.io/client-go/informers/events",
			"Rev": "701b913670036511e3d752318272c97f1a2a2edd"
		},
		{
			"ImportPath": "k8s.io/client-go/informers/events/v1beta1",
			"Rev": "701b913670036511e3d752318272c97f1a2a2edd"
		},
		{
			"ImportPath": "k8s.io/client-go/informers/extensions",
			"Rev": "701b913670036511e3d752318272c97f1a2a2edd"
		},
		{
			"ImportPath": "k8s.io/client-go/informers/extensions/v1beta1",
			"Rev": "701b913670036511e3d752318272c97f1a2a2edd"
		},
		{
			"ImportPath": "k8s.io/client-go/informers/internalinterfaces",
			"Rev": "701b913670036511e3d752318272c97f1a2a2edd"
		},
		{
			"ImportPath": "k8s.io/client-go/informers/networking",
			"Rev": "701b913670036511e3d752318272c97f1a2a2edd"
		},
		{
			"ImportPath": "k8s.io/client-go/informers/networking/v1",
			"Rev": "701b913670036511e3d752318272c97f1a2a2edd"
		},
		{
			"ImportPath": "k8s.io/client-go/informers/policy",
			"Rev": "701b913670036511e3d752318272c97f1a2a2edd"
		},
		{
			"ImportPath": "k8s.io/client-go/informers/policy/v1beta1",
			"Rev": "701b913670036511e3d752318272c97f1a2a2edd"
		},
		{
			"ImportPath": "k8s.io/client-go/informers/rbac",
			"Rev": "701b913670036511e3d752318272c97f1a2a2edd"
		},
		{
			"ImportPath": "k8s.io/client-go/informers/rbac/v1",
			"Rev": "701b913670036511e3d752318272c97f1a2a2edd"
		},
		{
			"ImportPath": "k8s.io/client-go/informers/rbac/v1alpha1",
			"Rev": "701b913670036511e3d752318272c97f1a2a2edd"
		},
		{
			"ImportPath": "k8s.io/client-go/informers/rbac/v1beta1",
			"Rev": "701b913670036511e3d752318272c97f1a2a2edd"
		},
		{
			"ImportPath": "k8s.io/client-go/informers/scheduling",
			"Rev": "701b913670036511e3d752318272c97f1a2a2edd"
		},
		{
			"ImportPath": "k8s.io/client-go/informers/scheduling/v1alpha1",
			"Rev": "701b913670036511e3d752318272c97f1a2a2edd"
		},
		{
			"ImportPath": "k8s.io/client-go/informers/scheduling/v1beta1",
			"Rev": "701b913670036511e3d752318272c97f1a2a2edd"
		},
		{
			"ImportPath": "k8s.io/client-go/informers/settings",
			"Rev": "701b913670036511e3d752318272c97f1a2a2edd"
		},
		{
			"ImportPath": "k8s.io/client-go/informers/settings/v1alpha1",
			"Rev": "701b913670036511e3d752318272c97f1a2a2edd"
		},
		{
			"ImportPath": "k8s.io/client-go/informers/storage",
			"Rev": "701b913670036511e3d752318272c97f1a2a2edd"
		},
		{
			"ImportPath": "k8s.io/client-go/informers/storage/v1",
			"Rev": "701b913670036511e3d752318272c97f1a2a2edd"
		},
		{
			"ImportPath": "k8s.io/client-go/informers/storage/v1alpha1",
			"Rev": "701b913670036511e3d752318272c97f1a2a2edd"
		},
		{
			"ImportPath": "k8s.io/client-go/informers/storage/v1beta1",
			"Rev": "701b913670036511e3d752318272c97f1a2a2edd"
		},
		{
			"ImportPath": "k8s.io/client-go/kubernetes",
			"Rev": "701b913670036511e3d752318272c97f1a2a2edd"
		},
		{
			"ImportPath": "k8s.io/client-go/kubernetes/scheme",
			"Rev": "701b913670036511e3d752318272c97f1a2a2edd"
		},
		{
			"ImportPath": "k8s.io/client-go/kubernetes/typed/admissionregistration/v1alpha1",
			"Rev": "701b913670036511e3d752318272c97f1a2a2edd"
		},
		{
			"ImportPath": "k8s.io/client-go/kubernetes/typed/admissionregistration/v1beta1",
			"Rev": "701b913670036511e3d752318272c97f1a2a2edd"
		},
		{
			"ImportPath": "k8s.io/client-go/kubernetes/typed/apps/v1",
			"Rev": "701b913670036511e3d752318272c97f1a2a2edd"
		},
		{
			"ImportPath": "k8s.io/client-go/kubernetes/typed/apps/v1beta1",
			"Rev": "701b913670036511e3d752318272c97f1a2a2edd"
		},
		{
			"ImportPath": "k8s.io/client-go/kubernetes/typed/apps/v1beta2",
			"Rev": "701b913670036511e3d752318272c97f1a2a2edd"
		},
		{
			"ImportPath": "k8s.io/client-go/kubernetes/typed/authentication/v1",
			"Rev": "701b913670036511e3d752318272c97f1a2a2edd"
		},
		{
			"ImportPath": "k8s.io/client-go/kubernetes/typed/authentication/v1beta1",
			"Rev": "701b913670036511e3d752318272c97f1a2a2edd"
		},
		{
			"ImportPath": "k8s.io/client-go/kubernetes/typed/authorization/v1",
			"Rev": "701b913670036511e3d752318272c97f1a2a2edd"
		},
		{
			"ImportPath": "k8s.io/client-go/kubernetes/typed/authorization/v1beta1",
			"Rev": "701b913670036511e3d752318272c97f1a2a2edd"
		},
		{
			"ImportPath": "k8s.io/client-go/kubernetes/typed/autoscaling/v1",
			"Rev": "701b913670036511e3d752318272c97f1a2a2edd"
		},
		{
			"ImportPath": "k8s.io/client-go/kubernetes/typed/autoscaling/v2beta1",
			"Rev": "701b913670036511e3d752318272c97f1a2a2edd"
		},
		{
			"ImportPath": "k8s.io/client-go/kubernetes/typed/autoscaling/v2beta2",
			"Rev": "701b913670036511e3d752318272c97f1a2a2edd"
		},
		{
			"ImportPath": "k8s.io/client-go/kubernetes/typed/batch/v1",
			"Rev": "701b913670036511e3d752318272c97f1a2a2edd"
		},
		{
			"ImportPath": "k8s.io/client-go/kubernetes/typed/batch/v1beta1",
			"Rev": "701b913670036511e3d752318272c97f1a2a2edd"
		},
		{
			"ImportPath": "k8s.io/client-go/kubernetes/typed/batch/v2alpha1",
			"Rev": "701b913670036511e3d752318272c97f1a2a2edd"
		},
		{
			"ImportPath": "k8s.io/client-go/kubernetes/typed/certificates/v1beta1",
			"Rev": "701b913670036511e3d752318272c97f1a2a2edd"
		},
		{
			"ImportPath": "k8s.io/client-go/kubernetes/typed/coordination/v1beta1",
			"Rev": "701b913670036511e3d752318272c97f1a2a2edd"
		},
		{
			"ImportPath": "k8s.io/client-go/kubernetes/typed/core/v1",
			"Rev": "701b913670036511e3d752318272c97f1a2a2edd"
		},
		{
			"ImportPath": "k8s.io/client-go/kubernetes/typed/events/v1beta1",
			"Rev": "701b913670036511e3d752318272c97f1a2a2edd"
		},
		{
			"ImportPath": "k8s.io/client-go/kubernetes/typed/extensions/v1beta1",
			"Rev": "701b913670036511e3d752318272c97f1a2a2edd"
		},
		{
			"ImportPath": "k8s.io/client-go/kubernetes/typed/networking/v1",
			"Rev": "701b913670036511e3d752318272c97f1a2a2edd"
		},
		{
			"ImportPath": "k8s.io/client-go/kubernetes/typed/policy/v1beta1",
			"Rev": "701b913670036511e3d752318272c97f1a2a2edd"
		},
		{
			"ImportPath": "k8s.io/client-go/kubernetes/typed/rbac/v1",
			"Rev": "701b913670036511e3d752318272c97f1a2a2edd"
		},
		{
			"ImportPath": "k8s.io/client-go/kubernetes/typed/rbac/v1alpha1",
			"Rev": "701b913670036511e3d752318272c97f1a2a2edd"
		},
		{
			"ImportPath": "k8s.io/client-go/kubernetes/typed/rbac/v1beta1",
			"Rev": "701b913670036511e3d752318272c97f1a2a2edd"
		},
		{
			"ImportPath": "k8s.io/client-go/kubernetes/typed/scheduling/v1alpha1",
			"Rev": "701b913670036511e3d752318272c97f1a2a2edd"
		},
		{
			"ImportPath": "k8s.io/client-go/kubernetes/typed/scheduling/v1beta1",
			"Rev": "701b913670036511e3d752318272c97f1a2a2edd"
		},
		{
			"ImportPath": "k8s.io/client-go/kubernetes/typed/settings/v1alpha1",
			"Rev": "701b913670036511e3d752318272c97f1a2a2edd"
		},
		{
			"ImportPath": "k8s.io/client-go/kubernetes/typed/storage/v1",
			"Rev": "701b913670036511e3d752318272c97f1a2a2edd"
		},
		{
			"ImportPath": "k8s.io/client-go/kubernetes/typed/storage/v1alpha1",
			"Rev": "701b913670036511e3d752318272c97f1a2a2edd"
		},
		{
			"ImportPath": "k8s.io/client-go/kubernetes/typed/storage/v1beta1",
			"Rev": "701b913670036511e3d752318272c97f1a2a2edd"
		},
		{
			"ImportPath": "k8s.io/client-go/listers/admissionregistration/v1alpha1",
			"Rev": "701b913670036511e3d752318272c97f1a2a2edd"
		},
		{
			"ImportPath": "k8s.io/client-go/listers/admissionregistration/v1beta1",
			"Rev": "701b913670036511e3d752318272c97f1a2a2edd"
		},
		{
			"ImportPath": "k8s.io/client-go/listers/apps/v1",
			"Rev": "701b913670036511e3d752318272c97f1a2a2edd"
		},
		{
			"ImportPath": "k8s.io/client-go/listers/apps/v1beta1",
			"Rev": "701b913670036511e3d752318272c97f1a2a2edd"
		},
		{
			"ImportPath": "k8s.io/client-go/listers/apps/v1beta2",
			"Rev": "701b913670036511e3d752318272c97f1a2a2edd"
		},
		{
			"ImportPath": "k8s.io/client-go/listers/autoscaling/v1",
			"Rev": "701b913670036511e3d752318272c97f1a2a2edd"
		},
		{
			"ImportPath": "k8s.io/client-go/listers/autoscaling/v2beta1",
			"Rev": "701b913670036511e3d752318272c97f1a2a2edd"
		},
		{
			"ImportPath": "k8s.io/client-go/listers/autoscaling/v2beta2",
			"Rev": "701b913670036511e3d752318272c97f1a2a2edd"
		},
		{
			"ImportPath": "k8s.io/client-go/listers/batch/v1",
			"Rev": "701b913670036511e3d752318272c97f1a2a2edd"
		},
		{
			"ImportPath": "k8s.io/client-go/listers/batch/v1beta1",
			"Rev": "701b913670036511e3d752318272c97f1a2a2edd"
		},
		{
			"ImportPath": "k8s.io/client-go/listers/batch/v2alpha1",
			"Rev": "701b913670036511e3d752318272c97f1a2a2edd"
		},
		{
			"ImportPath": "k8s.io/client-go/listers/certificates/v1beta1",
			"Rev": "701b913670036511e3d752318272c97f1a2a2edd"
		},
		{
			"ImportPath": "k8s.io/client-go/listers/coordination/v1beta1",
			"Rev": "701b913670036511e3d752318272c97f1a2a2edd"
		},
		{
			"ImportPath": "k8s.io/client-go/listers/core/v1",
			"Rev": "701b913670036511e3d752318272c97f1a2a2edd"
		},
		{
			"ImportPath": "k8s.io/client-go/listers/events/v1beta1",
			"Rev": "701b913670036511e3d752318272c97f1a2a2edd"
		},
		{
			"ImportPath": "k8s.io/client-go/listers/extensions/v1beta1",
			"Rev": "701b913670036511e3d752318272c97f1a2a2edd"
		},
		{
			"ImportPath": "k8s.io/client-go/listers/networking/v1",
			"Rev": "701b913670036511e3d752318272c97f1a2a2edd"
		},
		{
			"ImportPath": "k8s.io/client-go/listers/policy/v1beta1",
			"Rev": "701b913670036511e3d752318272c97f1a2a2edd"
		},
		{
			"ImportPath": "k8s.io/client-go/listers/rbac/v1",
			"Rev": "701b913670036511e3d752318272c97f1a2a2edd"
		},
		{
			"ImportPath": "k8s.io/client-go/listers/rbac/v1alpha1",
			"Rev": "701b913670036511e3d752318272c97f1a2a2edd"
		},
		{
			"ImportPath": "k8s.io/client-go/listers/rbac/v1beta1",
			"Rev": "701b913670036511e3d752318272c97f1a2a2edd"
		},
		{
			"ImportPath": "k8s.io/client-go/listers/scheduling/v1alpha1",
			"Rev": "701b913670036511e3d752318272c97f1a2a2edd"
		},
		{
			"ImportPath": "k8s.io/client-go/listers/scheduling/v1beta1",
			"Rev": "701b913670036511e3d752318272c97f1a2a2edd"
		},
		{
			"ImportPath": "k8s.io/client-go/listers/settings/v1alpha1",
			"Rev": "701b913670036511e3d752318272c97f1a2a2edd"
		},
		{
			"ImportPath": "k8s.io/client-go/listers/storage/v1",
			"Rev": "701b913670036511e3d752318272c97f1a2a2edd"
		},
		{
			"ImportPath": "k8s.io/client-go/listers/storage/v1alpha1",
			"Rev": "701b913670036511e3d752318272c97f1a2a2edd"
		},
		{
			"ImportPath": "k8s.io/client-go/listers/storage/v1beta1",
			"Rev": "701b913670036511e3d752318272c97f1a2a2edd"
		},
		{
			"ImportPath": "k8s.io/client-go/pkg/apis/clientauthentication",
			"Rev": "701b913670036511e3d752318272c97f1a2a2edd"
		},
		{
			"ImportPath": "k8s.io/client-go/pkg/apis/clientauthentication/v1alpha1",
			"Rev": "701b913670036511e3d752318272c97f1a2a2edd"
		},
		{
			"ImportPath": "k8s.io/client-go/pkg/apis/clientauthentication/v1beta1",
			"Rev": "701b913670036511e3d752318272c97f1a2a2edd"
		},
		{
			"ImportPath": "k8s.io/client-go/pkg/version",
			"Rev": "701b913670036511e3d752318272c97f1a2a2edd"
		},
		{
			"ImportPath": "k8s.io/client-go/plugin/pkg/client/auth/exec",
			"Rev": "701b913670036511e3d752318272c97f1a2a2edd"
		},
		{
			"ImportPath": "k8s.io/client-go/rest",
			"Rev": "701b913670036511e3d752318272c97f1a2a2edd"
		},
		{
			"ImportPath": "k8s.io/client-go/rest/watch",
			"Rev": "701b913670036511e3d752318272c97f1a2a2edd"
		},
		{
			"ImportPath": "k8s.io/client-go/testing",
			"Rev": "701b913670036511e3d752318272c97f1a2a2edd"
		},
		{
			"ImportPath": "k8s.io/client-go/tools/auth",
			"Rev": "701b913670036511e3d752318272c97f1a2a2edd"
		},
		{
			"ImportPath": "k8s.io/client-go/tools/cache",
			"Rev": "701b913670036511e3d752318272c97f1a2a2edd"
		},
		{
			"ImportPath": "k8s.io/client-go/tools/clientcmd",
			"Rev": "701b913670036511e3d752318272c97f1a2a2edd"
		},
		{
			"ImportPath": "k8s.io/client-go/tools/clientcmd/api",
			"Rev": "701b913670036511e3d752318272c97f1a2a2edd"
		},
		{
			"ImportPath": "k8s.io/client-go/tools/clientcmd/api/latest",
			"Rev": "701b913670036511e3d752318272c97f1a2a2edd"
		},
		{
			"ImportPath": "k8s.io/client-go/tools/clientcmd/api/v1",
			"Rev": "701b913670036511e3d752318272c97f1a2a2edd"
		},
		{
			"ImportPath": "k8s.io/client-go/tools/metrics",
			"Rev": "701b913670036511e3d752318272c97f1a2a2edd"
		},
		{
			"ImportPath": "k8s.io/client-go/tools/pager",
			"Rev": "701b913670036511e3d752318272c97f1a2a2edd"
		},
		{
			"ImportPath": "k8s.io/client-go/tools/reference",
			"Rev": "701b913670036511e3d752318272c97f1a2a2edd"
		},
		{
			"ImportPath": "k8s.io/client-go/transport",
			"Rev": "701b913670036511e3d752318272c97f1a2a2edd"
		},
		{
			"ImportPath": "k8s.io/client-go/util/buffer",
			"Rev": "701b913670036511e3d752318272c97f1a2a2edd"
		},
		{
			"ImportPath": "k8s.io/client-go/util/cert",
			"Rev": "701b913670036511e3d752318272c97f1a2a2edd"
		},
		{
			"ImportPath": "k8s.io/client-go/util/connrotation",
			"Rev": "701b913670036511e3d752318272c97f1a2a2edd"
		},
		{
			"ImportPath": "k8s.io/client-go/util/flowcontrol",
			"Rev": "701b913670036511e3d752318272c97f1a2a2edd"
		},
		{
			"ImportPath": "k8s.io/client-go/util/homedir",
			"Rev": "701b913670036511e3d752318272c97f1a2a2edd"
		},
		{
			"ImportPath": "k8s.io/client-go/util/integer",
			"Rev": "701b913670036511e3d752318272c97f1a2a2edd"
		},
		{
			"ImportPath": "k8s.io/client-go/util/retry",
			"Rev": "701b913670036511e3d752318272c97f1a2a2edd"
		},
		{
			"ImportPath": "k8s.io/client-go/util/workqueue",
			"Rev": "701b913670036511e3d752318272c97f1a2a2edd"
		},
		{
			"ImportPath": "k8s.io/kube-openapi/pkg/aggregator",
			"Rev": "0cf8f7e6ed1d2e3d47d02e3b6e559369af24d803"
		},
		{
			"ImportPath": "k8s.io/kube-openapi/pkg/builder",
			"Rev": "0cf8f7e6ed1d2e3d47d02e3b6e559369af24d803"
		},
		{
			"ImportPath": "k8s.io/kube-openapi/pkg/common",
			"Rev": "0cf8f7e6ed1d2e3d47d02e3b6e559369af24d803"
		},
		{
			"ImportPath": "k8s.io/kube-openapi/pkg/handler",
			"Rev": "0cf8f7e6ed1d2e3d47d02e3b6e559369af24d803"
		},
		{
			"ImportPath": "k8s.io/kube-openapi/pkg/util",
			"Rev": "0cf8f7e6ed1d2e3d47d02e3b6e559369af24d803"
		},
		{
			"ImportPath": "k8s.io/kube-openapi/pkg/util/proto",
			"Rev": "0cf8f7e6ed1d2e3d47d02e3b6e559369af24d803"
		}
	]
}
