{
	"ImportPath": "k8s.io/apimachinery",
	"GoVersion": "go1.12",
	"GodepVersion": "v80-k8s-r1",
	"Packages": [
		"./..."
	],
	"Deps": [
		{
			"ImportPath": "github.com/davecgh/go-spew/spew",
			"Rev": "782f4967f2dc4564575ca782fe2d04090b5faca8"
		},
		{
			"ImportPath": "github.com/docker/spdystream",
			"Rev": "449fdfce4d962303d702fec724ef0ad181c92528"
		},
		{
			"ImportPath": "github.com/docker/spdystream/spdy",
			"Rev": "449fdfce4d962303d702fec724ef0ad181c92528"
		},
		{
			"ImportPath": "github.com/elazarl/goproxy",
			"Rev": "c4fc26588b6ef8af07a191fcb6476387bdd46711"
		},
		{
			"ImportPath": "github.com/evanphx/json-patch",
			"Rev": "5858425f75500d40c52783dce87d085a483ce135"
		},
		{
			"ImportPath": "github.com/gogo/protobuf/proto",
			"Rev": "342cbe0a04158f6dcb03ca0079991a51a4248c02"
		},
		{
			"ImportPath": "github.com/gogo/protobuf/sortkeys",
			"Rev": "342cbe0a04158f6dcb03ca0079991a51a4248c02"
		},
		{
			"ImportPath": "github.com/golang/groupcache/lru",
			"Rev": "02826c3e79038b59d737d3b1c0a1d937f71a4433"
		},
		{
			"ImportPath": "github.com/golang/protobuf/proto",
			"Rev": "b4deda0973fb4c70b50d226b1af49f3da59f5265"
		},
		{
			"ImportPath": "github.com/golang/protobuf/ptypes",
			"Rev": "b4deda0973fb4c70b50d226b1af49f3da59f5265"
		},
		{
			"ImportPath": "github.com/golang/protobuf/ptypes/any",
			"Rev": "b4deda0973fb4c70b50d226b1af49f3da59f5265"
		},
		{
			"ImportPath": "github.com/golang/protobuf/ptypes/duration",
			"Rev": "b4deda0973fb4c70b50d226b1af49f3da59f5265"
		},
		{
			"ImportPath": "github.com/golang/protobuf/ptypes/timestamp",
			"Rev": "b4deda0973fb4c70b50d226b1af49f3da59f5265"
		},
		{
			"ImportPath": "github.com/google/gofuzz",
			"Rev": "24818f796faf91cd76ec7bddd72458fbced7a6c1"
		},
		{
			"ImportPath": "github.com/googleapis/gnostic/OpenAPIv2",
			"Rev": "0c5108395e2debce0d731cf0287ddf7242066aba"
		},
		{
			"ImportPath": "github.com/googleapis/gnostic/compiler",
			"Rev": "0c5108395e2debce0d731cf0287ddf7242066aba"
		},
		{
			"ImportPath": "github.com/googleapis/gnostic/extensions",
			"Rev": "0c5108395e2debce0d731cf0287ddf7242066aba"
		},
		{
			"ImportPath": "github.com/hashicorp/golang-lru",
			"Rev": "20f1fb78b0740ba8c3cb143a61e86ba5c8669768"
		},
		{
			"ImportPath": "github.com/hashicorp/golang-lru/simplelru",
			"Rev": "20f1fb78b0740ba8c3cb143a61e86ba5c8669768"
		},
		{
			"ImportPath": "github.com/json-iterator/go",
			"Rev": "ab8a2e0c74be9d3be70b3184d9acc634935ded82"
		},
		{
			"ImportPath": "github.com/modern-go/concurrent",
			"Rev": "bacd9c7ef1dd9b15be4a9909b8ac7a4e313eec94"
		},
		{
			"ImportPath": "github.com/modern-go/reflect2",
			"Rev": "94122c33edd36123c84d5368cfb2b69df93a0ec8"
		},
		{
			"ImportPath": "github.com/mxk/go-flowrate/flowrate",
			"Rev": "cca7078d478f8520f85629ad7c68962d31ed7682"
		},
		{
			"ImportPath": "github.com/pborman/uuid",
			"Rev": "ca53cad383cad2479bbba7f7a1a05797ec1386e4"
		},
		{
			"ImportPath": "github.com/pmezard/go-difflib/difflib",
			"Rev": "5d4384ee4fb2527b0a1256a821ebfc92f91efefc"
		},
		{
			"ImportPath": "github.com/spf13/pflag",
			"Rev": "583c0c0531f06d5278b7d917446061adc344b5cd"
		},
		{
			"ImportPath": "github.com/stretchr/testify/assert",
			"Rev": "c679ae2cc0cb27ec3293fea7e254e47386f05d69"
		},
		{
			"ImportPath": "github.com/stretchr/testify/require",
			"Rev": "c679ae2cc0cb27ec3293fea7e254e47386f05d69"
		},
		{
			"ImportPath": "golang.org/x/net/html",
			"Rev": "65e2d4e15006aab9813ff8769e768bbf4bb667a0"
		},
		{
			"ImportPath": "golang.org/x/net/html/atom",
			"Rev": "65e2d4e15006aab9813ff8769e768bbf4bb667a0"
		},
		{
			"ImportPath": "golang.org/x/net/http/httpguts",
			"Rev": "65e2d4e15006aab9813ff8769e768bbf4bb667a0"
		},
		{
			"ImportPath": "golang.org/x/net/http2",
			"Rev": "65e2d4e15006aab9813ff8769e768bbf4bb667a0"
		},
		{
			"ImportPath": "golang.org/x/net/http2/hpack",
			"Rev": "65e2d4e15006aab9813ff8769e768bbf4bb667a0"
		},
		{
			"ImportPath": "golang.org/x/net/idna",
			"Rev": "65e2d4e15006aab9813ff8769e768bbf4bb667a0"
		},
		{
			"ImportPath": "golang.org/x/net/websocket",
			"Rev": "65e2d4e15006aab9813ff8769e768bbf4bb667a0"
		},
		{
			"ImportPath": "golang.org/x/text/secure/bidirule",
			"Rev": "b19bf474d317b857955b12035d2c5acb57ce8b01"
		},
		{
			"ImportPath": "golang.org/x/text/transform",
			"Rev": "b19bf474d317b857955b12035d2c5acb57ce8b01"
		},
		{
			"ImportPath": "golang.org/x/text/unicode/bidi",
			"Rev": "b19bf474d317b857955b12035d2c5acb57ce8b01"
		},
		{
			"ImportPath": "golang.org/x/text/unicode/norm",
			"Rev": "b19bf474d317b857955b12035d2c5acb57ce8b01"
		},
		{
			"ImportPath": "gopkg.in/inf.v0",
			"Rev": "3887ee99ecf07df5b447e9b00d9c0b2adaa9f3e4"
		},
		{
			"ImportPath": "gopkg.in/yaml.v2",
			"Rev": "5420a8b6744d3b0345ab293f6fcba19c978f1183"
		},
		{
			"ImportPath": "k8s.io/klog",
			"Rev": "8e90cee79f823779174776412c13478955131846"
		},
		{
			"ImportPath": "k8s.io/kube-openapi/pkg/util/proto",
			"Rev": "b3a7cee44a305be0a69e1b9ac03018307287e1b0"
		},
		{
			"ImportPath": "sigs.k8s.io/yaml",
			"Rev": "fd68e9863619f6ec2fdd8625fe1f02e7c877e480"
		}
	]
}
