{
	"ImportPath": "k8s.io/kubectl",
	"GoVersion": "unknown",
	"GodepVersion": "gen-godeps",
	"Packages": [
		"./..."
	],
	"Deps": [
		{
			"ImportPath": "cloud.google.com/go",
			"Rev": "v0.38.0"
		},
		{
			"ImportPath": "github.com/Azure/go-ansiterm",
			"Rev": "d6e3b3328b78"
		},
		{
			"ImportPath": "github.com/Azure/go-autorest/autorest",
			"Rev": "v0.9.0"
		},
		{
			"ImportPath": "github.com/Azure/go-autorest/autorest/adal",
			"Rev": "v0.5.0"
		},
		{
			"ImportPath": "github.com/Azure/go-autorest/autorest/date",
			"Rev": "v0.1.0"
		},
		{
			"ImportPath": "github.com/Azure/go-autorest/autorest/mocks",
			"Rev": "v0.2.0"
		},
		{
			"ImportPath": "github.com/Azure/go-autorest/logger",
			"Rev": "v0.1.0"
		},
		{
			"ImportPath": "github.com/Azure/go-autorest/tracing",
			"Rev": "v0.5.0"
		},
		{
			"ImportPath": "github.com/BurntSushi/toml",
			"Rev": "v0.3.1"
		},
		{
			"ImportPath": "github.com/BurntSushi/xgb",
			"Rev": "27f122750802"
		},
		{
			"ImportPath": "github.com/MakeNowJust/heredoc",
			"Rev": "bb23615498cd"
		},
		{
			"ImportPath": "github.com/NYTimes/gziphandler",
			"Rev": "56545f4a5d46"
		},
		{
			"ImportPath": "github.com/PuerkitoBio/purell",
			"Rev": "v1.1.1"
		},
		{
			"ImportPath": "github.com/PuerkitoBio/urlesc",
			"Rev": "de5bf2ad4578"
		},
		{
			"ImportPath": "github.com/alecthomas/template",
			"Rev": "a0175ee3bccc"
		},
		{
			"ImportPath": "github.com/alecthomas/units",
			"Rev": "2efee857e7cf"
		},
		{
			"ImportPath": "github.com/armon/consul-api",
			"Rev": "eb2c6b5be1b6"
		},
		{
			"ImportPath": "github.com/beorn7/perks",
			"Rev": "v1.0.0"
		},
		{
			"ImportPath": "github.com/blang/semver",
			"Rev": "v3.5.0"
		},
		{
			"ImportPath": "github.com/chai2010/gettext-go",
			"Rev": "c6fed771bfd5"
		},
		{
			"ImportPath": "github.com/client9/misspell",
			"Rev": "v0.3.4"
		},
		{
			"ImportPath": "github.com/coreos/etcd",
			"Rev": "v3.3.10"
		},
		{
			"ImportPath": "github.com/coreos/go-etcd",
			"Rev": "v2.0.0"
		},
		{
			"ImportPath": "github.com/coreos/go-semver",
			"Rev": "v0.2.0"
		},
		{
			"ImportPath": "github.com/cpuguy83/go-md2man",
			"Rev": "v1.0.10"
		},
		{
			"ImportPath": "github.com/davecgh/go-spew",
			"Rev": "v1.1.1"
		},
		{
			"ImportPath": "github.com/daviddengcn/go-colortext",
			"Rev": "511bcaf42ccd"
		},
		{
			"ImportPath": "github.com/dgrijalva/jwt-go",
			"Rev": "v3.2.0"
		},
		{
			"ImportPath": "github.com/docker/distribution",
			"Rev": "v2.7.1"
		},
		{
			"ImportPath": "github.com/docker/docker",
			"Rev": "be7ac8be2ae0"
		},
		{
			"ImportPath": "github.com/docker/spdystream",
			"Rev": "449fdfce4d96"
		},
		{
			"ImportPath": "github.com/elazarl/goproxy",
			"Rev": "c4fc26588b6e"
		},
		{
			"ImportPath": "github.com/emicklei/go-restful",
			"Rev": "v2.9.5"
		},
		{
			"ImportPath": "github.com/evanphx/json-patch",
			"Rev": "v4.2.0"
		},
		{
			"ImportPath": "github.com/exponent-io/jsonpath",
			"Rev": "d6023ce2651d"
		},
		{
			"ImportPath": "github.com/fatih/camelcase",
			"Rev": "v1.0.0"
		},
		{
			"ImportPath": "github.com/fsnotify/fsnotify",
			"Rev": "v1.4.7"
		},
		{
			"ImportPath": "github.com/ghodss/yaml",
			"Rev": "v1.0.0"
		},
		{
			"ImportPath": "github.com/go-kit/kit",
			"Rev": "v0.8.0"
		},
		{
			"ImportPath": "github.com/go-logfmt/logfmt",
			"Rev": "v0.3.0"
		},
		{
			"ImportPath": "github.com/go-logr/logr",
			"Rev": "v0.1.0"
		},
		{
			"ImportPath": "github.com/go-openapi/jsonpointer",
			"Rev": "v0.19.3"
		},
		{
			"ImportPath": "github.com/go-openapi/jsonreference",
			"Rev": "v0.19.3"
		},
		{
			"ImportPath": "github.com/go-openapi/spec",
			"Rev": "v0.19.3"
		},
		{
			"ImportPath": "github.com/go-openapi/swag",
			"Rev": "v0.19.5"
		},
		{
			"ImportPath": "github.com/go-stack/stack",
			"Rev": "v1.8.0"
		},
		{
			"ImportPath": "github.com/gogo/protobuf",
			"Rev": "65acae22fc9d"
		},
		{
			"ImportPath": "github.com/golang/glog",
			"Rev": "23def4e6c14b"
		},
		{
			"ImportPath": "github.com/golang/groupcache",
			"Rev": "02826c3e7903"
		},
		{
			"ImportPath": "github.com/golang/mock",
			"Rev": "v1.2.0"
		},
		{
			"ImportPath": "github.com/golang/protobuf",
			"Rev": "v1.3.2"
		},
		{
			"ImportPath": "github.com/golangplus/bytes",
			"Rev": "45c989fe5450"
		},
		{
			"ImportPath": "github.com/golangplus/fmt",
			"Rev": "2a5d6d7d2995"
		},
		{
			"ImportPath": "github.com/golangplus/testing",
			"Rev": "af21d9c3145e"
		},
		{
			"ImportPath": "github.com/google/btree",
			"Rev": "v1.0.0"
		},
		{
			"ImportPath": "github.com/google/go-cmp",
			"Rev": "v0.3.0"
		},
		{
			"ImportPath": "github.com/google/gofuzz",
			"Rev": "v1.0.0"
		},
		{
			"ImportPath": "github.com/google/martian",
			"Rev": "v2.1.0"
		},
		{
			"ImportPath": "github.com/google/pprof",
			"Rev": "3ea8567a2e57"
		},
		{
			"ImportPath": "github.com/google/uuid",
			"Rev": "v1.1.1"
		},
		{
			"ImportPath": "github.com/googleapis/gax-go/v2",
			"Rev": "v2.0.4"
		},
		{
			"ImportPath": "github.com/googleapis/gnostic",
			"Rev": "0c5108395e2d"
		},
		{
			"ImportPath": "github.com/gophercloud/gophercloud",
			"Rev": "v0.1.0"
		},
		{
			"ImportPath": "github.com/gregjones/httpcache",
			"Rev": "9cad4c3443a7"
		},
		{
			"ImportPath": "github.com/hashicorp/golang-lru",
			"Rev": "v0.5.1"
		},
		{
			"ImportPath": "github.com/hashicorp/hcl",
			"Rev": "v1.0.0"
		},
		{
			"ImportPath": "github.com/hpcloud/tail",
			"Rev": "v1.0.0"
		},
		{
			"ImportPath": "github.com/imdario/mergo",
			"Rev": "v0.3.5"
		},
		{
			"ImportPath": "github.com/inconshreveable/mousetrap",
			"Rev": "v1.0.0"
		},
		{
			"ImportPath": "github.com/jonboulle/clockwork",
			"Rev": "v0.1.0"
		},
		{
			"ImportPath": "github.com/json-iterator/go",
			"Rev": "v1.1.8"
		},
		{
			"ImportPath": "github.com/jstemmer/go-junit-report",
			"Rev": "af01ea7f8024"
		},
		{
			"ImportPath": "github.com/julienschmidt/httprouter",
			"Rev": "v1.2.0"
		},
		{
			"ImportPath": "github.com/kisielk/errcheck",
			"Rev": "v1.2.0"
		},
		{
			"ImportPath": "github.com/kisielk/gotool",
			"Rev": "v1.0.0"
		},
		{
			"ImportPath": "github.com/konsorten/go-windows-terminal-sequences",
			"Rev": "v1.0.1"
		},
		{
			"ImportPath": "github.com/kr/logfmt",
			"Rev": "b84e30acd515"
		},
		{
			"ImportPath": "github.com/kr/pretty",
			"Rev": "v0.1.0"
		},
		{
			"ImportPath": "github.com/kr/pty",
			"Rev": "v1.1.5"
		},
		{
			"ImportPath": "github.com/kr/text",
			"Rev": "v0.1.0"
		},
		{
			"ImportPath": "github.com/liggitt/tabwriter",
			"Rev": "89fcab3d43de"
		},
		{
			"ImportPath": "github.com/lithammer/dedent",
			"Rev": "v1.1.0"
		},
		{
			"ImportPath": "github.com/magiconair/properties",
			"Rev": "v1.8.0"
		},
		{
			"ImportPath": "github.com/mailru/easyjson",
			"Rev": "v0.7.0"
		},
		{
			"ImportPath": "github.com/matttproud/golang_protobuf_extensions",
			"Rev": "v1.0.1"
		},
		{
			"ImportPath": "github.com/mitchellh/go-homedir",
			"Rev": "v1.1.0"
		},
		{
			"ImportPath": "github.com/mitchellh/go-wordwrap",
			"Rev": "v1.0.0"
		},
		{
			"ImportPath": "github.com/mitchellh/mapstructure",
			"Rev": "v1.1.2"
		},
		{
			"ImportPath": "github.com/modern-go/concurrent",
			"Rev": "bacd9c7ef1dd"
		},
		{
			"ImportPath": "github.com/modern-go/reflect2",
			"Rev": "v1.0.1"
		},
		{
			"ImportPath": "github.com/munnerz/goautoneg",
			"Rev": "a547fc61f48d"
		},
		{
			"ImportPath": "github.com/mwitkow/go-conntrack",
			"Rev": "cc309e4a2223"
		},
		{
			"ImportPath": "github.com/mxk/go-flowrate",
			"Rev": "cca7078d478f"
		},
		{
			"ImportPath": "github.com/onsi/ginkgo",
			"Rev": "v1.10.1"
		},
		{
			"ImportPath": "github.com/onsi/gomega",
			"Rev": "v1.7.0"
		},
		{
			"ImportPath": "github.com/opencontainers/go-digest",
			"Rev": "v1.0.0-rc1"
		},
		{
			"ImportPath": "github.com/pelletier/go-toml",
			"Rev": "v1.2.0"
		},
		{
			"ImportPath": "github.com/peterbourgon/diskv",
			"Rev": "v2.0.1"
		},
		{
			"ImportPath": "github.com/pkg/errors",
			"Rev": "v0.8.1"
		},
		{
			"ImportPath": "github.com/pmezard/go-difflib",
			"Rev": "v1.0.0"
		},
		{
			"ImportPath": "github.com/prometheus/client_golang",
			"Rev": "v1.0.0"
		},
		{
			"ImportPath": "github.com/prometheus/client_model",
			"Rev": "fd36f4220a90"
		},
		{
			"ImportPath": "github.com/prometheus/common",
			"Rev": "v0.4.1"
		},
		{
			"ImportPath": "github.com/prometheus/procfs",
			"Rev": "v0.0.2"
		},
		{
			"ImportPath": "github.com/remyoudompheng/bigfft",
			"Rev": "52369c62f446"
		},
		{
			"ImportPath": "github.com/russross/blackfriday",
			"Rev": "v1.5.2"
		},
		{
			"ImportPath": "github.com/sirupsen/logrus",
			"Rev": "v1.4.2"
		},
		{
			"ImportPath": "github.com/spf13/afero",
			"Rev": "v1.2.2"
		},
		{
			"ImportPath": "github.com/spf13/cast",
			"Rev": "v1.3.0"
		},
		{
			"ImportPath": "github.com/spf13/cobra",
			"Rev": "v0.0.5"
		},
		{
			"ImportPath": "github.com/spf13/jwalterweatherman",
			"Rev": "v1.0.0"
		},
		{
			"ImportPath": "github.com/spf13/pflag",
			"Rev": "v1.0.5"
		},
		{
			"ImportPath": "github.com/spf13/viper",
			"Rev": "v1.3.2"
		},
		{
			"ImportPath": "github.com/stretchr/objx",
			"Rev": "v0.2.0"
		},
		{
			"ImportPath": "github.com/stretchr/testify",
			"Rev": "v1.4.0"
		},
		{
			"ImportPath": "github.com/ugorji/go/codec",
			"Rev": "d75b2dcb6bc8"
		},
		{
			"ImportPath": "github.com/xlab/handysort",
			"Rev": "fb3537ed64a1"
		},
		{
			"ImportPath": "github.com/xordataexchange/crypt",
			"Rev": "b2862e3d0a77"
		},
		{
			"ImportPath": "go.opencensus.io",
			"Rev": "v0.21.0"
		},
		{
			"ImportPath": "golang.org/x/crypto",
			"Rev": "60c769a6c586"
		},
		{
			"ImportPath": "golang.org/x/exp",
			"Rev": "4b39c73a6495"
		},
		{
			"ImportPath": "golang.org/x/image",
			"Rev": "0694c2d4d067"
		},
		{
			"ImportPath": "golang.org/x/lint",
			"Rev": "5614ed5bae6f"
		},
		{
			"ImportPath": "golang.org/x/mobile",
			"Rev": "d3739f865fa6"
		},
		{
			"ImportPath": "golang.org/x/net",
			"Rev": "13f9640d40b9"
		},
		{
			"ImportPath": "golang.org/x/oauth2",
			"Rev": "0f29369cfe45"
		},
		{
			"ImportPath": "golang.org/x/sync",
			"Rev": "112230192c58"
		},
		{
			"ImportPath": "golang.org/x/sys",
			"Rev": "fde4db37ae7a"
		},
		{
			"ImportPath": "golang.org/x/text",
			"Rev": "v0.3.2"
		},
		{
			"ImportPath": "golang.org/x/time",
			"Rev": "9d24e82272b4"
		},
		{
			"ImportPath": "golang.org/x/tools",
			"Rev": "65e3620a7ae7"
		},
		{
			"ImportPath": "golang.org/x/xerrors",
			"Rev": "a985d3407aa7"
		},
		{
			"ImportPath": "gonum.org/v1/gonum",
			"Rev": "3d26580ed485"
		},
		{
			"ImportPath": "gonum.org/v1/netlib",
			"Rev": "76723241ea4e"
		},
		{
			"ImportPath": "google.golang.org/api",
			"Rev": "v0.4.0"
		},
		{
			"ImportPath": "google.golang.org/appengine",
			"Rev": "v1.5.0"
		},
		{
			"ImportPath": "google.golang.org/genproto",
			"Rev": "e7d98fc518a7"
		},
		{
			"ImportPath": "google.golang.org/grpc",
			"Rev": "v1.19.0"
		},
		{
			"ImportPath": "gopkg.in/alecthomas/kingpin.v2",
			"Rev": "v2.2.6"
		},
		{
			"ImportPath": "gopkg.in/check.v1",
			"Rev": "788fd7840127"
		},
		{
			"ImportPath": "gopkg.in/fsnotify.v1",
			"Rev": "v1.4.7"
		},
		{
			"ImportPath": "gopkg.in/inf.v0",
			"Rev": "v0.9.1"
		},
		{
			"ImportPath": "gopkg.in/tomb.v1",
			"Rev": "dd632973f1e7"
		},
		{
			"ImportPath": "gopkg.in/yaml.v2",
			"Rev": "v2.2.4"
		},
		{
			"ImportPath": "gotest.tools",
			"Rev": "v2.2.0"
		},
		{
			"ImportPath": "honnef.co/go/tools",
			"Rev": "3f1c8253044a"
		},
		{
			"ImportPath": "k8s.io/api",
			"Rev": "ca1d04f8b0d3"
		},
		{
			"ImportPath": "k8s.io/apimachinery",
			"Rev": "0ee8b4573e3a"
		},
		{
			"ImportPath": "k8s.io/cli-runtime",
			"Rev": "e6dc6d5c8724"
		},
		{
			"ImportPath": "k8s.io/client-go",
			"Rev": "0b8da7416048"
		},
		{
			"ImportPath": "k8s.io/code-generator",
			"Rev": "0b9b3c99f9f2"
		},
		{
			"ImportPath": "k8s.io/component-base",
			"Rev": "d868452632e2"
		},
		{
			"ImportPath": "k8s.io/gengo",
			"Rev": "26a664648505"
		},
		{
			"ImportPath": "k8s.io/klog",
			"Rev": "v1.0.0"
		},
		{
			"ImportPath": "k8s.io/kube-openapi",
			"Rev": "30be4d16710a"
		},
		{
			"ImportPath": "k8s.io/metrics",
			"Rev": "6b1944c9f765"
		},
		{
			"ImportPath": "k8s.io/utils",
			"Rev": "e782cd3c129f"
		},
		{
			"ImportPath": "modernc.org/cc",
			"Rev": "v1.0.0"
		},
		{
			"ImportPath": "modernc.org/golex",
			"Rev": "v1.0.0"
		},
		{
			"ImportPath": "modernc.org/mathutil",
			"Rev": "v1.0.0"
		},
		{
			"ImportPath": "modernc.org/strutil",
			"Rev": "v1.0.0"
		},
		{
			"ImportPath": "modernc.org/xc",
			"Rev": "v1.0.0"
		},
		{
			"ImportPath": "sigs.k8s.io/kustomize",
			"Rev": "v2.0.3"
		},
		{
			"ImportPath": "sigs.k8s.io/structured-merge-diff",
			"Rev": "15d366b2352e"
		},
		{
			"ImportPath": "sigs.k8s.io/yaml",
			"Rev": "v1.1.0"
		},
		{
			"ImportPath": "vbom.ml/util",
			"Rev": "db5cfe13f5cc"
		}
	]
}