{
	"ImportPath": "k8s.io/client-go",
	"GoVersion": "go1.12",
	"GodepVersion": "v80",
	"Packages": [
		"./..."
	],
	"Deps": [
		{
			"ImportPath": "cloud.google.com/go/compute/metadata",
			"Rev": "3b1ae45394a234c385be014e9a488f2bb6eef821"
		},
		{
			"ImportPath": "cloud.google.com/go/internal",
			"Rev": "3b1ae45394a234c385be014e9a488f2bb6eef821"
		},
		{
			"ImportPath": "github.com/Azure/go-autorest/autorest",
			"Rev": "ea233b6412b0421a65dc6160e16c893364664a95"
		},
		{
			"ImportPath": "github.com/Azure/go-autorest/autorest/adal",
			"Rev": "ea233b6412b0421a65dc6160e16c893364664a95"
		},
		{
			"ImportPath": "github.com/Azure/go-autorest/autorest/azure",
			"Rev": "ea233b6412b0421a65dc6160e16c893364664a95"
		},
		{
			"ImportPath": "github.com/Azure/go-autorest/autorest/date",
			"Rev": "ea233b6412b0421a65dc6160e16c893364664a95"
		},
		{
			"ImportPath": "github.com/Azure/go-autorest/logger",
			"Rev": "ea233b6412b0421a65dc6160e16c893364664a95"
		},
		{
			"ImportPath": "github.com/Azure/go-autorest/version",
			"Rev": "ea233b6412b0421a65dc6160e16c893364664a95"
		},
		{
			"ImportPath": "github.com/davecgh/go-spew/spew",
			"Rev": "782f4967f2dc4564575ca782fe2d04090b5faca8"
		},
		{
			"ImportPath": "github.com/dgrijalva/jwt-go",
			"Rev": "01aeca54ebda6e0fbfafd0a524d234159c05ec20"
		},
		{
			"ImportPath": "github.com/docker/spdystream",
			"Rev": "449fdfce4d962303d702fec724ef0ad181c92528"
		},
		{
			"ImportPath": "github.com/docker/spdystream/spdy",
			"Rev": "449fdfce4d962303d702fec724ef0ad181c92528"
		},
		{
			"ImportPath": "github.com/evanphx/json-patch",
			"Rev": "5858425f75500d40c52783dce87d085a483ce135"
		},
		{
			"ImportPath": "github.com/gogo/protobuf/proto",
			"Rev": "342cbe0a04158f6dcb03ca0079991a51a4248c02"
		},
		{
			"ImportPath": "github.com/gogo/protobuf/sortkeys",
			"Rev": "342cbe0a04158f6dcb03ca0079991a51a4248c02"
		},
		{
			"ImportPath": "github.com/golang/groupcache/lru",
			"Rev": "02826c3e79038b59d737d3b1c0a1d937f71a4433"
		},
		{
			"ImportPath": "github.com/golang/protobuf/proto",
			"Rev": "b4deda0973fb4c70b50d226b1af49f3da59f5265"
		},
		{
			"ImportPath": "github.com/golang/protobuf/ptypes",
			"Rev": "b4deda0973fb4c70b50d226b1af49f3da59f5265"
		},
		{
			"ImportPath": "github.com/golang/protobuf/ptypes/any",
			"Rev": "b4deda0973fb4c70b50d226b1af49f3da59f5265"
		},
		{
			"ImportPath": "github.com/golang/protobuf/ptypes/duration",
			"Rev": "b4deda0973fb4c70b50d226b1af49f3da59f5265"
		},
		{
			"ImportPath": "github.com/golang/protobuf/ptypes/timestamp",
			"Rev": "b4deda0973fb4c70b50d226b1af49f3da59f5265"
		},
		{
			"ImportPath": "github.com/google/btree",
			"Rev": "7d79101e329e5a3adf994758c578dab82b90c017"
		},
		{
			"ImportPath": "github.com/google/gofuzz",
			"Rev": "24818f796faf91cd76ec7bddd72458fbced7a6c1"
		},
		{
			"ImportPath": "github.com/googleapis/gnostic/OpenAPIv2",
			"Rev": "0c5108395e2debce0d731cf0287ddf7242066aba"
		},
		{
			"ImportPath": "github.com/googleapis/gnostic/compiler",
			"Rev": "0c5108395e2debce0d731cf0287ddf7242066aba"
		},
		{
			"ImportPath": "github.com/googleapis/gnostic/extensions",
			"Rev": "0c5108395e2debce0d731cf0287ddf7242066aba"
		},
		{
			"ImportPath": "github.com/gophercloud/gophercloud",
			"Rev": "c818fa66e4c88b30db28038fe3f18f2f4a0db9a8"
		},
		{
			"ImportPath": "github.com/gophercloud/gophercloud/openstack",
			"Rev": "c818fa66e4c88b30db28038fe3f18f2f4a0db9a8"
		},
		{
			"ImportPath": "github.com/gophercloud/gophercloud/openstack/identity/v2/tenants",
			"Rev": "c818fa66e4c88b30db28038fe3f18f2f4a0db9a8"
		},
		{
			"ImportPath": "github.com/gophercloud/gophercloud/openstack/identity/v2/tokens",
			"Rev": "c818fa66e4c88b30db28038fe3f18f2f4a0db9a8"
		},
		{
			"ImportPath": "github.com/gophercloud/gophercloud/openstack/identity/v3/tokens",
			"Rev": "c818fa66e4c88b30db28038fe3f18f2f4a0db9a8"
		},
		{
			"ImportPath": "github.com/gophercloud/gophercloud/openstack/utils",
			"Rev": "c818fa66e4c88b30db28038fe3f18f2f4a0db9a8"
		},
		{
			"ImportPath": "github.com/gophercloud/gophercloud/pagination",
			"Rev": "c818fa66e4c88b30db28038fe3f18f2f4a0db9a8"
		},
		{
			"ImportPath": "github.com/gregjones/httpcache",
			"Rev": "787624de3eb7bd915c329cba748687a3b22666a6"
		},
		{
			"ImportPath": "github.com/gregjones/httpcache/diskcache",
			"Rev": "787624de3eb7bd915c329cba748687a3b22666a6"
		},
		{
			"ImportPath": "github.com/hashicorp/golang-lru",
			"Rev": "20f1fb78b0740ba8c3cb143a61e86ba5c8669768"
		},
		{
			"ImportPath": "github.com/hashicorp/golang-lru/simplelru",
			"Rev": "20f1fb78b0740ba8c3cb143a61e86ba5c8669768"
		},
		{
			"ImportPath": "github.com/imdario/mergo",
			"Rev": "9316a62528ac99aaecb4e47eadd6dc8aa6533d58"
		},
		{
			"ImportPath": "github.com/json-iterator/go",
			"Rev": "ab8a2e0c74be9d3be70b3184d9acc634935ded82"
		},
		{
			"ImportPath": "github.com/modern-go/concurrent",
			"Rev": "bacd9c7ef1dd9b15be4a9909b8ac7a4e313eec94"
		},
		{
			"ImportPath": "github.com/modern-go/reflect2",
			"Rev": "94122c33edd36123c84d5368cfb2b69df93a0ec8"
		},
		{
			"ImportPath": "github.com/peterbourgon/diskv",
			"Rev": "5f041e8faa004a95c88a202771f4cc3e991971e6"
		},
		{
			"ImportPath": "github.com/pmezard/go-difflib/difflib",
			"Rev": "5d4384ee4fb2527b0a1256a821ebfc92f91efefc"
		},
		{
			"ImportPath": "github.com/spf13/pflag",
			"Rev": "583c0c0531f06d5278b7d917446061adc344b5cd"
		},
		{
			"ImportPath": "github.com/stretchr/testify/assert",
			"Rev": "c679ae2cc0cb27ec3293fea7e254e47386f05d69"
		},
		{
			"ImportPath": "golang.org/x/crypto/ssh/terminal",
			"Rev": "de0752318171da717af4ce24d0a2e8626afaeb11"
		},
		{
			"ImportPath": "golang.org/x/net/context",
			"Rev": "65e2d4e15006aab9813ff8769e768bbf4bb667a0"
		},
		{
			"ImportPath": "golang.org/x/net/context/ctxhttp",
			"Rev": "65e2d4e15006aab9813ff8769e768bbf4bb667a0"
		},
		{
			"ImportPath": "golang.org/x/net/http/httpguts",
			"Rev": "65e2d4e15006aab9813ff8769e768bbf4bb667a0"
		},
		{
			"ImportPath": "golang.org/x/net/http2",
			"Rev": "65e2d4e15006aab9813ff8769e768bbf4bb667a0"
		},
		{
			"ImportPath": "golang.org/x/net/http2/hpack",
			"Rev": "65e2d4e15006aab9813ff8769e768bbf4bb667a0"
		},
		{
			"ImportPath": "golang.org/x/net/idna",
			"Rev": "65e2d4e15006aab9813ff8769e768bbf4bb667a0"
		},
		{
			"ImportPath": "golang.org/x/oauth2",
			"Rev": "a6bd8cefa1811bd24b86f8902872e4e8225f74c4"
		},
		{
			"ImportPath": "golang.org/x/oauth2/google",
			"Rev": "a6bd8cefa1811bd24b86f8902872e4e8225f74c4"
		},
		{
			"ImportPath": "golang.org/x/oauth2/internal",
			"Rev": "a6bd8cefa1811bd24b86f8902872e4e8225f74c4"
		},
		{
			"ImportPath": "golang.org/x/oauth2/jws",
			"Rev": "a6bd8cefa1811bd24b86f8902872e4e8225f74c4"
		},
		{
			"ImportPath": "golang.org/x/oauth2/jwt",
			"Rev": "a6bd8cefa1811bd24b86f8902872e4e8225f74c4"
		},
		{
			"ImportPath": "golang.org/x/sys/unix",
			"Rev": "95c6576299259db960f6c5b9b69ea52422860fce"
		},
		{
			"ImportPath": "golang.org/x/sys/windows",
			"Rev": "95c6576299259db960f6c5b9b69ea52422860fce"
		},
		{
			"ImportPath": "golang.org/x/text/secure/bidirule",
			"Rev": "b19bf474d317b857955b12035d2c5acb57ce8b01"
		},
		{
			"ImportPath": "golang.org/x/text/transform",
			"Rev": "b19bf474d317b857955b12035d2c5acb57ce8b01"
		},
		{
			"ImportPath": "golang.org/x/text/unicode/bidi",
			"Rev": "b19bf474d317b857955b12035d2c5acb57ce8b01"
		},
		{
			"ImportPath": "golang.org/x/text/unicode/norm",
			"Rev": "b19bf474d317b857955b12035d2c5acb57ce8b01"
		},
		{
			"ImportPath": "golang.org/x/time/rate",
			"Rev": "f51c12702a4d776e4c1fa9b0fabab841babae631"
		},
		{
			"ImportPath": "gopkg.in/inf.v0",
			"Rev": "3887ee99ecf07df5b447e9b00d9c0b2adaa9f3e4"
		},
		{
			"ImportPath": "gopkg.in/yaml.v2",
			"Rev": "5420a8b6744d3b0345ab293f6fcba19c978f1183"
		},
		{
			"ImportPath": "k8s.io/api/admissionregistration/v1beta1",
			"Rev": "40a48860b5abbba9aa891b02b32da429b08d96a0"
		},
		{
			"ImportPath": "k8s.io/api/apps/v1",
			"Rev": "40a48860b5abbba9aa891b02b32da429b08d96a0"
		},
		{
			"ImportPath": "k8s.io/api/apps/v1beta1",
			"Rev": "40a48860b5abbba9aa891b02b32da429b08d96a0"
		},
		{
			"ImportPath": "k8s.io/api/apps/v1beta2",
			"Rev": "40a48860b5abbba9aa891b02b32da429b08d96a0"
		},
		{
			"ImportPath": "k8s.io/api/auditregistration/v1alpha1",
			"Rev": "40a48860b5abbba9aa891b02b32da429b08d96a0"
		},
		{
			"ImportPath": "k8s.io/api/authentication/v1",
			"Rev": "40a48860b5abbba9aa891b02b32da429b08d96a0"
		},
		{
			"ImportPath": "k8s.io/api/authentication/v1beta1",
			"Rev": "40a48860b5abbba9aa891b02b32da429b08d96a0"
		},
		{
			"ImportPath": "k8s.io/api/authorization/v1",
			"Rev": "40a48860b5abbba9aa891b02b32da429b08d96a0"
		},
		{
			"ImportPath": "k8s.io/api/authorization/v1beta1",
			"Rev": "40a48860b5abbba9aa891b02b32da429b08d96a0"
		},
		{
			"ImportPath": "k8s.io/api/autoscaling/v1",
			"Rev": "40a48860b5abbba9aa891b02b32da429b08d96a0"
		},
		{
			"ImportPath": "k8s.io/api/autoscaling/v2beta1",
			"Rev": "40a48860b5abbba9aa891b02b32da429b08d96a0"
		},
		{
			"ImportPath": "k8s.io/api/autoscaling/v2beta2",
			"Rev": "40a48860b5abbba9aa891b02b32da429b08d96a0"
		},
		{
			"ImportPath": "k8s.io/api/batch/v1",
			"Rev": "40a48860b5abbba9aa891b02b32da429b08d96a0"
		},
		{
			"ImportPath": "k8s.io/api/batch/v1beta1",
			"Rev": "40a48860b5abbba9aa891b02b32da429b08d96a0"
		},
		{
			"ImportPath": "k8s.io/api/batch/v2alpha1",
			"Rev": "40a48860b5abbba9aa891b02b32da429b08d96a0"
		},
		{
			"ImportPath": "k8s.io/api/certificates/v1beta1",
			"Rev": "40a48860b5abbba9aa891b02b32da429b08d96a0"
		},
		{
			"ImportPath": "k8s.io/api/coordination/v1",
			"Rev": "40a48860b5abbba9aa891b02b32da429b08d96a0"
		},
		{
			"ImportPath": "k8s.io/api/coordination/v1beta1",
			"Rev": "40a48860b5abbba9aa891b02b32da429b08d96a0"
		},
		{
			"ImportPath": "k8s.io/api/core/v1",
			"Rev": "40a48860b5abbba9aa891b02b32da429b08d96a0"
		},
		{
			"ImportPath": "k8s.io/api/events/v1beta1",
			"Rev": "40a48860b5abbba9aa891b02b32da429b08d96a0"
		},
		{
			"ImportPath": "k8s.io/api/extensions/v1beta1",
			"Rev": "40a48860b5abbba9aa891b02b32da429b08d96a0"
		},
		{
			"ImportPath": "k8s.io/api/imagepolicy/v1alpha1",
			"Rev": "40a48860b5abbba9aa891b02b32da429b08d96a0"
		},
		{
			"ImportPath": "k8s.io/api/networking/v1",
			"Rev": "40a48860b5abbba9aa891b02b32da429b08d96a0"
		},
		{
			"ImportPath": "k8s.io/api/networking/v1beta1",
			"Rev": "40a48860b5abbba9aa891b02b32da429b08d96a0"
		},
		{
			"ImportPath": "k8s.io/api/node/v1alpha1",
			"Rev": "40a48860b5abbba9aa891b02b32da429b08d96a0"
		},
		{
			"ImportPath": "k8s.io/api/node/v1beta1",
			"Rev": "40a48860b5abbba9aa891b02b32da429b08d96a0"
		},
		{
			"ImportPath": "k8s.io/api/policy/v1beta1",
			"Rev": "40a48860b5abbba9aa891b02b32da429b08d96a0"
		},
		{
			"ImportPath": "k8s.io/api/rbac/v1",
			"Rev": "40a48860b5abbba9aa891b02b32da429b08d96a0"
		},
		{
			"ImportPath": "k8s.io/api/rbac/v1alpha1",
			"Rev": "40a48860b5abbba9aa891b02b32da429b08d96a0"
		},
		{
			"ImportPath": "k8s.io/api/rbac/v1beta1",
			"Rev": "40a48860b5abbba9aa891b02b32da429b08d96a0"
		},
		{
			"ImportPath": "k8s.io/api/scheduling/v1",
			"Rev": "40a48860b5abbba9aa891b02b32da429b08d96a0"
		},
		{
			"ImportPath": "k8s.io/api/scheduling/v1alpha1",
			"Rev": "40a48860b5abbba9aa891b02b32da429b08d96a0"
		},
		{
			"ImportPath": "k8s.io/api/scheduling/v1beta1",
			"Rev": "40a48860b5abbba9aa891b02b32da429b08d96a0"
		},
		{
			"ImportPath": "k8s.io/api/settings/v1alpha1",
			"Rev": "40a48860b5abbba9aa891b02b32da429b08d96a0"
		},
		{
			"ImportPath": "k8s.io/api/storage/v1",
			"Rev": "40a48860b5abbba9aa891b02b32da429b08d96a0"
		},
		{
			"ImportPath": "k8s.io/api/storage/v1alpha1",
			"Rev": "40a48860b5abbba9aa891b02b32da429b08d96a0"
		},
		{
			"ImportPath": "k8s.io/api/storage/v1beta1",
			"Rev": "40a48860b5abbba9aa891b02b32da429b08d96a0"
		},
		{
			"ImportPath": "k8s.io/apimachinery/pkg/api/apitesting",
			"Rev": "6a84e37a896db9780c75367af8d2ed2bb944022e"
		},
		{
			"ImportPath": "k8s.io/apimachinery/pkg/api/apitesting/fuzzer",
			"Rev": "6a84e37a896db9780c75367af8d2ed2bb944022e"
		},
		{
			"ImportPath": "k8s.io/apimachinery/pkg/api/apitesting/roundtrip",
			"Rev": "6a84e37a896db9780c75367af8d2ed2bb944022e"
		},
		{
			"ImportPath": "k8s.io/apimachinery/pkg/api/equality",
			"Rev": "6a84e37a896db9780c75367af8d2ed2bb944022e"
		},
		{
			"ImportPath": "k8s.io/apimachinery/pkg/api/errors",
			"Rev": "6a84e37a896db9780c75367af8d2ed2bb944022e"
		},
		{
			"ImportPath": "k8s.io/apimachinery/pkg/api/meta",
			"Rev": "6a84e37a896db9780c75367af8d2ed2bb944022e"
		},
		{
			"ImportPath": "k8s.io/apimachinery/pkg/api/resource",
			"Rev": "6a84e37a896db9780c75367af8d2ed2bb944022e"
		},
		{
			"ImportPath": "k8s.io/apimachinery/pkg/apis/meta/fuzzer",
			"Rev": "6a84e37a896db9780c75367af8d2ed2bb944022e"
		},
		{
			"ImportPath": "k8s.io/apimachinery/pkg/apis/meta/internalversion",
			"Rev": "6a84e37a896db9780c75367af8d2ed2bb944022e"
		},
		{
			"ImportPath": "k8s.io/apimachinery/pkg/apis/meta/v1",
			"Rev": "6a84e37a896db9780c75367af8d2ed2bb944022e"
		},
		{
			"ImportPath": "k8s.io/apimachinery/pkg/apis/meta/v1/unstructured",
			"Rev": "6a84e37a896db9780c75367af8d2ed2bb944022e"
		},
		{
			"ImportPath": "k8s.io/apimachinery/pkg/apis/meta/v1beta1",
			"Rev": "6a84e37a896db9780c75367af8d2ed2bb944022e"
		},
		{
			"ImportPath": "k8s.io/apimachinery/pkg/conversion",
			"Rev": "6a84e37a896db9780c75367af8d2ed2bb944022e"
		},
		{
			"ImportPath": "k8s.io/apimachinery/pkg/conversion/queryparams",
			"Rev": "6a84e37a896db9780c75367af8d2ed2bb944022e"
		},
		{
			"ImportPath": "k8s.io/apimachinery/pkg/fields",
			"Rev": "6a84e37a896db9780c75367af8d2ed2bb944022e"
		},
		{
			"ImportPath": "k8s.io/apimachinery/pkg/labels",
			"Rev": "6a84e37a896db9780c75367af8d2ed2bb944022e"
		},
		{
			"ImportPath": "k8s.io/apimachinery/pkg/runtime",
			"Rev": "6a84e37a896db9780c75367af8d2ed2bb944022e"
		},
		{
			"ImportPath": "k8s.io/apimachinery/pkg/runtime/schema",
			"Rev": "6a84e37a896db9780c75367af8d2ed2bb944022e"
		},
		{
			"ImportPath": "k8s.io/apimachinery/pkg/runtime/serializer",
			"Rev": "6a84e37a896db9780c75367af8d2ed2bb944022e"
		},
		{
			"ImportPath": "k8s.io/apimachinery/pkg/runtime/serializer/json",
			"Rev": "6a84e37a896db9780c75367af8d2ed2bb944022e"
		},
		{
			"ImportPath": "k8s.io/apimachinery/pkg/runtime/serializer/protobuf",
			"Rev": "6a84e37a896db9780c75367af8d2ed2bb944022e"
		},
		{
			"ImportPath": "k8s.io/apimachinery/pkg/runtime/serializer/recognizer",
			"Rev": "6a84e37a896db9780c75367af8d2ed2bb944022e"
		},
		{
			"ImportPath": "k8s.io/apimachinery/pkg/runtime/serializer/streaming",
			"Rev": "6a84e37a896db9780c75367af8d2ed2bb944022e"
		},
		{
			"ImportPath": "k8s.io/apimachinery/pkg/runtime/serializer/versioning",
			"Rev": "6a84e37a896db9780c75367af8d2ed2bb944022e"
		},
		{
			"ImportPath": "k8s.io/apimachinery/pkg/selection",
			"Rev": "6a84e37a896db9780c75367af8d2ed2bb944022e"
		},
		{
			"ImportPath": "k8s.io/apimachinery/pkg/types",
			"Rev": "6a84e37a896db9780c75367af8d2ed2bb944022e"
		},
		{
			"ImportPath": "k8s.io/apimachinery/pkg/util/cache",
			"Rev": "6a84e37a896db9780c75367af8d2ed2bb944022e"
		},
		{
			"ImportPath": "k8s.io/apimachinery/pkg/util/clock",
			"Rev": "6a84e37a896db9780c75367af8d2ed2bb944022e"
		},
		{
			"ImportPath": "k8s.io/apimachinery/pkg/util/diff",
			"Rev": "6a84e37a896db9780c75367af8d2ed2bb944022e"
		},
		{
			"ImportPath": "k8s.io/apimachinery/pkg/util/errors",
			"Rev": "6a84e37a896db9780c75367af8d2ed2bb944022e"
		},
		{
			"ImportPath": "k8s.io/apimachinery/pkg/util/framer",
			"Rev": "6a84e37a896db9780c75367af8d2ed2bb944022e"
		},
		{
			"ImportPath": "k8s.io/apimachinery/pkg/util/httpstream",
			"Rev": "6a84e37a896db9780c75367af8d2ed2bb944022e"
		},
		{
			"ImportPath": "k8s.io/apimachinery/pkg/util/httpstream/spdy",
			"Rev": "6a84e37a896db9780c75367af8d2ed2bb944022e"
		},
		{
			"ImportPath": "k8s.io/apimachinery/pkg/util/intstr",
			"Rev": "6a84e37a896db9780c75367af8d2ed2bb944022e"
		},
		{
			"ImportPath": "k8s.io/apimachinery/pkg/util/json",
			"Rev": "6a84e37a896db9780c75367af8d2ed2bb944022e"
		},
		{
			"ImportPath": "k8s.io/apimachinery/pkg/util/mergepatch",
			"Rev": "6a84e37a896db9780c75367af8d2ed2bb944022e"
		},
		{
			"ImportPath": "k8s.io/apimachinery/pkg/util/naming",
			"Rev": "6a84e37a896db9780c75367af8d2ed2bb944022e"
		},
		{
			"ImportPath": "k8s.io/apimachinery/pkg/util/net",
			"Rev": "6a84e37a896db9780c75367af8d2ed2bb944022e"
		},
		{
			"ImportPath": "k8s.io/apimachinery/pkg/util/remotecommand",
			"Rev": "6a84e37a896db9780c75367af8d2ed2bb944022e"
		},
		{
			"ImportPath": "k8s.io/apimachinery/pkg/util/runtime",
			"Rev": "6a84e37a896db9780c75367af8d2ed2bb944022e"
		},
		{
			"ImportPath": "k8s.io/apimachinery/pkg/util/sets",
			"Rev": "6a84e37a896db9780c75367af8d2ed2bb944022e"
		},
		{
			"ImportPath": "k8s.io/apimachinery/pkg/util/strategicpatch",
			"Rev": "6a84e37a896db9780c75367af8d2ed2bb944022e"
		},
		{
			"ImportPath": "k8s.io/apimachinery/pkg/util/validation",
			"Rev": "6a84e37a896db9780c75367af8d2ed2bb944022e"
		},
		{
			"ImportPath": "k8s.io/apimachinery/pkg/util/validation/field",
			"Rev": "6a84e37a896db9780c75367af8d2ed2bb944022e"
		},
		{
			"ImportPath": "k8s.io/apimachinery/pkg/util/wait",
			"Rev": "6a84e37a896db9780c75367af8d2ed2bb944022e"
		},
		{
			"ImportPath": "k8s.io/apimachinery/pkg/util/yaml",
			"Rev": "6a84e37a896db9780c75367af8d2ed2bb944022e"
		},
		{
			"ImportPath": "k8s.io/apimachinery/pkg/version",
			"Rev": "6a84e37a896db9780c75367af8d2ed2bb944022e"
		},
		{
			"ImportPath": "k8s.io/apimachinery/pkg/watch",
			"Rev": "6a84e37a896db9780c75367af8d2ed2bb944022e"
		},
		{
			"ImportPath": "k8s.io/apimachinery/third_party/forked/golang/json",
			"Rev": "6a84e37a896db9780c75367af8d2ed2bb944022e"
		},
		{
			"ImportPath": "k8s.io/apimachinery/third_party/forked/golang/netutil",
			"Rev": "6a84e37a896db9780c75367af8d2ed2bb944022e"
		},
		{
			"ImportPath": "k8s.io/apimachinery/third_party/forked/golang/reflect",
			"Rev": "6a84e37a896db9780c75367af8d2ed2bb944022e"
		},
		{
			"ImportPath": "k8s.io/klog",
			"Rev": "8e90cee79f823779174776412c13478955131846"
		},
		{
			"ImportPath": "k8s.io/kube-openapi/pkg/util/proto",
			"Rev": "b3a7cee44a305be0a69e1b9ac03018307287e1b0"
		},
		{
			"ImportPath": "k8s.io/utils/buffer",
			"Rev": "c2654d5206da6b7b6ace12841e8f359bb89b443c"
		},
		{
			"ImportPath": "k8s.io/utils/integer",
			"Rev": "c2654d5206da6b7b6ace12841e8f359bb89b443c"
		},
		{
			"ImportPath": "k8s.io/utils/trace",
			"Rev": "c2654d5206da6b7b6ace12841e8f359bb89b443c"
		},
		{
			"ImportPath": "sigs.k8s.io/yaml",
			"Rev": "fd68e9863619f6ec2fdd8625fe1f02e7c877e480"
		}
	]
}
