{
	"ImportPath": "k8s.io/client-go",
	"GoVersion": "go1.10",
	"GodepVersion": "v80",
	"Packages": [
		"./..."
	],
	"Deps": [
		{
			"ImportPath": "cloud.google.com/go/compute/metadata",
			"Rev": "3b1ae45394a234c385be014e9a488f2bb6eef821"
		},
		{
			"ImportPath": "cloud.google.com/go/internal",
			"Rev": "3b1ae45394a234c385be014e9a488f2bb6eef821"
		},
		{
			"ImportPath": "github.com/Azure/go-autorest/autorest",
			"Rev": "bca49d5b51a50dc5bb17bbf6204c711c6dbded06"
		},
		{
			"ImportPath": "github.com/Azure/go-autorest/autorest/adal",
			"Rev": "bca49d5b51a50dc5bb17bbf6204c711c6dbded06"
		},
		{
			"ImportPath": "github.com/Azure/go-autorest/autorest/azure",
			"Rev": "bca49d5b51a50dc5bb17bbf6204c711c6dbded06"
		},
		{
			"ImportPath": "github.com/Azure/go-autorest/autorest/date",
			"Rev": "bca49d5b51a50dc5bb17bbf6204c711c6dbded06"
		},
		{
			"ImportPath": "github.com/Azure/go-autorest/version",
			"Rev": "bca49d5b51a50dc5bb17bbf6204c711c6dbded06"
		},
		{
			"ImportPath": "github.com/davecgh/go-spew/spew",
			"Rev": "782f4967f2dc4564575ca782fe2d04090b5faca8"
		},
		{
			"ImportPath": "github.com/dgrijalva/jwt-go",
			"Rev": "01aeca54ebda6e0fbfafd0a524d234159c05ec20"
		},
		{
			"ImportPath": "github.com/docker/spdystream",
			"Rev": "449fdfce4d962303d702fec724ef0ad181c92528"
		},
		{
			"ImportPath": "github.com/docker/spdystream/spdy",
			"Rev": "449fdfce4d962303d702fec724ef0ad181c92528"
		},
		{
			"ImportPath": "github.com/ghodss/yaml",
			"Rev": "73d445a93680fa1a78ae23a5839bad48f32ba1ee"
		},
		{
			"ImportPath": "github.com/gogo/protobuf/proto",
			"Rev": "c0656edd0d9eab7c66d1eb0c568f9039345796f7"
		},
		{
			"ImportPath": "github.com/gogo/protobuf/sortkeys",
			"Rev": "c0656edd0d9eab7c66d1eb0c568f9039345796f7"
		},
		{
			"ImportPath": "github.com/golang/glog",
			"Rev": "44145f04b68cf362d9c4df2182967c2275eaefed"
		},
		{
			"ImportPath": "github.com/golang/groupcache/lru",
			"Rev": "02826c3e79038b59d737d3b1c0a1d937f71a4433"
		},
		{
			"ImportPath": "github.com/golang/protobuf/proto",
			"Rev": "b4deda0973fb4c70b50d226b1af49f3da59f5265"
		},
		{
			"ImportPath": "github.com/golang/protobuf/ptypes",
			"Rev": "b4deda0973fb4c70b50d226b1af49f3da59f5265"
		},
		{
			"ImportPath": "github.com/golang/protobuf/ptypes/any",
			"Rev": "b4deda0973fb4c70b50d226b1af49f3da59f5265"
		},
		{
			"ImportPath": "github.com/golang/protobuf/ptypes/duration",
			"Rev": "b4deda0973fb4c70b50d226b1af49f3da59f5265"
		},
		{
			"ImportPath": "github.com/golang/protobuf/ptypes/timestamp",
			"Rev": "b4deda0973fb4c70b50d226b1af49f3da59f5265"
		},
		{
			"ImportPath": "github.com/google/btree",
			"Rev": "7d79101e329e5a3adf994758c578dab82b90c017"
		},
		{
			"ImportPath": "github.com/google/gofuzz",
			"Rev": "44d81051d367757e1c7c6a5a86423ece9afcf63c"
		},
		{
			"ImportPath": "github.com/googleapis/gnostic/OpenAPIv2",
			"Rev": "0c5108395e2debce0d731cf0287ddf7242066aba"
		},
		{
			"ImportPath": "github.com/googleapis/gnostic/compiler",
			"Rev": "0c5108395e2debce0d731cf0287ddf7242066aba"
		},
		{
			"ImportPath": "github.com/googleapis/gnostic/extensions",
			"Rev": "0c5108395e2debce0d731cf0287ddf7242066aba"
		},
		{
			"ImportPath": "github.com/gophercloud/gophercloud",
			"Rev": "781450b3c4fcb4f5182bcc5133adb4b2e4a09d1d"
		},
		{
			"ImportPath": "github.com/gophercloud/gophercloud/openstack",
			"Rev": "781450b3c4fcb4f5182bcc5133adb4b2e4a09d1d"
		},
		{
			"ImportPath": "github.com/gophercloud/gophercloud/openstack/identity/v2/tenants",
			"Rev": "781450b3c4fcb4f5182bcc5133adb4b2e4a09d1d"
		},
		{
			"ImportPath": "github.com/gophercloud/gophercloud/openstack/identity/v2/tokens",
			"Rev": "781450b3c4fcb4f5182bcc5133adb4b2e4a09d1d"
		},
		{
			"ImportPath": "github.com/gophercloud/gophercloud/openstack/identity/v3/tokens",
			"Rev": "781450b3c4fcb4f5182bcc5133adb4b2e4a09d1d"
		},
		{
			"ImportPath": "github.com/gophercloud/gophercloud/openstack/utils",
			"Rev": "781450b3c4fcb4f5182bcc5133adb4b2e4a09d1d"
		},
		{
			"ImportPath": "github.com/gophercloud/gophercloud/pagination",
			"Rev": "781450b3c4fcb4f5182bcc5133adb4b2e4a09d1d"
		},
		{
			"ImportPath": "github.com/gregjones/httpcache",
			"Rev": "787624de3eb7bd915c329cba748687a3b22666a6"
		},
		{
			"ImportPath": "github.com/gregjones/httpcache/diskcache",
			"Rev": "787624de3eb7bd915c329cba748687a3b22666a6"
		},
		{
			"ImportPath": "github.com/hashicorp/golang-lru",
			"Rev": "a0d98a5f288019575c6d1f4bb1573fef2d1fcdc4"
		},
		{
			"ImportPath": "github.com/hashicorp/golang-lru/simplelru",
			"Rev": "a0d98a5f288019575c6d1f4bb1573fef2d1fcdc4"
		},
		{
			"ImportPath": "github.com/imdario/mergo",
			"Rev": "9316a62528ac99aaecb4e47eadd6dc8aa6533d58"
		},
		{
			"ImportPath": "github.com/json-iterator/go",
			"Rev": "f2b4162afba35581b6d4a50d3b8f34e33c144682"
		},
		{
			"ImportPath": "github.com/modern-go/concurrent",
			"Rev": "bacd9c7ef1dd9b15be4a9909b8ac7a4e313eec94"
		},
		{
			"ImportPath": "github.com/modern-go/reflect2",
			"Rev": "05fbef0ca5da472bbf96c9322b84a53edc03c9fd"
		},
		{
			"ImportPath": "github.com/peterbourgon/diskv",
			"Rev": "5f041e8faa004a95c88a202771f4cc3e991971e6"
		},
		{
			"ImportPath": "github.com/pmezard/go-difflib/difflib",
			"Rev": "d8ed2627bdf02c080bf22230dbb337003b7aba2d"
		},
		{
			"ImportPath": "github.com/spf13/pflag",
			"Rev": "583c0c0531f06d5278b7d917446061adc344b5cd"
		},
		{
			"ImportPath": "github.com/stretchr/testify/assert",
			"Rev": "c679ae2cc0cb27ec3293fea7e254e47386f05d69"
		},
		{
			"ImportPath": "golang.org/x/crypto/ssh/terminal",
			"Rev": "de0752318171da717af4ce24d0a2e8626afaeb11"
		},
		{
			"ImportPath": "golang.org/x/net/context",
			"Rev": "0ed95abb35c445290478a5348a7b38bb154135fd"
		},
		{
			"ImportPath": "golang.org/x/net/context/ctxhttp",
			"Rev": "0ed95abb35c445290478a5348a7b38bb154135fd"
		},
		{
			"ImportPath": "golang.org/x/net/http2",
			"Rev": "0ed95abb35c445290478a5348a7b38bb154135fd"
		},
		{
			"ImportPath": "golang.org/x/net/http2/hpack",
			"Rev": "0ed95abb35c445290478a5348a7b38bb154135fd"
		},
		{
			"ImportPath": "golang.org/x/net/idna",
			"Rev": "0ed95abb35c445290478a5348a7b38bb154135fd"
		},
		{
			"ImportPath": "golang.org/x/net/lex/httplex",
			"Rev": "0ed95abb35c445290478a5348a7b38bb154135fd"
		},
		{
			"ImportPath": "golang.org/x/oauth2",
			"Rev": "a6bd8cefa1811bd24b86f8902872e4e8225f74c4"
		},
		{
			"ImportPath": "golang.org/x/oauth2/google",
			"Rev": "a6bd8cefa1811bd24b86f8902872e4e8225f74c4"
		},
		{
			"ImportPath": "golang.org/x/oauth2/internal",
			"Rev": "a6bd8cefa1811bd24b86f8902872e4e8225f74c4"
		},
		{
			"ImportPath": "golang.org/x/oauth2/jws",
			"Rev": "a6bd8cefa1811bd24b86f8902872e4e8225f74c4"
		},
		{
			"ImportPath": "golang.org/x/oauth2/jwt",
			"Rev": "a6bd8cefa1811bd24b86f8902872e4e8225f74c4"
		},
		{
			"ImportPath": "golang.org/x/sys/unix",
			"Rev": "95c6576299259db960f6c5b9b69ea52422860fce"
		},
		{
			"ImportPath": "golang.org/x/sys/windows",
			"Rev": "95c6576299259db960f6c5b9b69ea52422860fce"
		},
		{
			"ImportPath": "golang.org/x/text/secure/bidirule",
			"Rev": "b19bf474d317b857955b12035d2c5acb57ce8b01"
		},
		{
			"ImportPath": "golang.org/x/text/transform",
			"Rev": "b19bf474d317b857955b12035d2c5acb57ce8b01"
		},
		{
			"ImportPath": "golang.org/x/text/unicode/bidi",
			"Rev": "b19bf474d317b857955b12035d2c5acb57ce8b01"
		},
		{
			"ImportPath": "golang.org/x/text/unicode/norm",
			"Rev": "b19bf474d317b857955b12035d2c5acb57ce8b01"
		},
		{
			"ImportPath": "golang.org/x/time/rate",
			"Rev": "f51c12702a4d776e4c1fa9b0fabab841babae631"
		},
		{
			"ImportPath": "gopkg.in/inf.v0",
			"Rev": "3887ee99ecf07df5b447e9b00d9c0b2adaa9f3e4"
		},
		{
			"ImportPath": "gopkg.in/yaml.v2",
			"Rev": "670d4cfef0544295bc27a114dbac37980d83185a"
		},
		{
			"ImportPath": "k8s.io/api/admissionregistration/v1alpha1",
			"Rev": "6db15a15d2d3874a6c3ddb2140ac9f3bc7058428"
		},
		{
			"ImportPath": "k8s.io/api/admissionregistration/v1beta1",
			"Rev": "6db15a15d2d3874a6c3ddb2140ac9f3bc7058428"
		},
		{
			"ImportPath": "k8s.io/api/apps/v1",
			"Rev": "6db15a15d2d3874a6c3ddb2140ac9f3bc7058428"
		},
		{
			"ImportPath": "k8s.io/api/apps/v1beta1",
			"Rev": "6db15a15d2d3874a6c3ddb2140ac9f3bc7058428"
		},
		{
			"ImportPath": "k8s.io/api/apps/v1beta2",
			"Rev": "6db15a15d2d3874a6c3ddb2140ac9f3bc7058428"
		},
		{
			"ImportPath": "k8s.io/api/authentication/v1",
			"Rev": "6db15a15d2d3874a6c3ddb2140ac9f3bc7058428"
		},
		{
			"ImportPath": "k8s.io/api/authentication/v1beta1",
			"Rev": "6db15a15d2d3874a6c3ddb2140ac9f3bc7058428"
		},
		{
			"ImportPath": "k8s.io/api/authorization/v1",
			"Rev": "6db15a15d2d3874a6c3ddb2140ac9f3bc7058428"
		},
		{
			"ImportPath": "k8s.io/api/authorization/v1beta1",
			"Rev": "6db15a15d2d3874a6c3ddb2140ac9f3bc7058428"
		},
		{
			"ImportPath": "k8s.io/api/autoscaling/v1",
			"Rev": "6db15a15d2d3874a6c3ddb2140ac9f3bc7058428"
		},
		{
			"ImportPath": "k8s.io/api/autoscaling/v2beta1",
			"Rev": "6db15a15d2d3874a6c3ddb2140ac9f3bc7058428"
		},
		{
			"ImportPath": "k8s.io/api/autoscaling/v2beta2",
			"Rev": "6db15a15d2d3874a6c3ddb2140ac9f3bc7058428"
		},
		{
			"ImportPath": "k8s.io/api/batch/v1",
			"Rev": "6db15a15d2d3874a6c3ddb2140ac9f3bc7058428"
		},
		{
			"ImportPath": "k8s.io/api/batch/v1beta1",
			"Rev": "6db15a15d2d3874a6c3ddb2140ac9f3bc7058428"
		},
		{
			"ImportPath": "k8s.io/api/batch/v2alpha1",
			"Rev": "6db15a15d2d3874a6c3ddb2140ac9f3bc7058428"
		},
		{
			"ImportPath": "k8s.io/api/certificates/v1beta1",
			"Rev": "6db15a15d2d3874a6c3ddb2140ac9f3bc7058428"
		},
		{
			"ImportPath": "k8s.io/api/coordination/v1beta1",
			"Rev": "6db15a15d2d3874a6c3ddb2140ac9f3bc7058428"
		},
		{
			"ImportPath": "k8s.io/api/core/v1",
			"Rev": "6db15a15d2d3874a6c3ddb2140ac9f3bc7058428"
		},
		{
			"ImportPath": "k8s.io/api/events/v1beta1",
			"Rev": "6db15a15d2d3874a6c3ddb2140ac9f3bc7058428"
		},
		{
			"ImportPath": "k8s.io/api/extensions/v1beta1",
			"Rev": "6db15a15d2d3874a6c3ddb2140ac9f3bc7058428"
		},
		{
			"ImportPath": "k8s.io/api/imagepolicy/v1alpha1",
			"Rev": "6db15a15d2d3874a6c3ddb2140ac9f3bc7058428"
		},
		{
			"ImportPath": "k8s.io/api/networking/v1",
			"Rev": "6db15a15d2d3874a6c3ddb2140ac9f3bc7058428"
		},
		{
			"ImportPath": "k8s.io/api/policy/v1beta1",
			"Rev": "6db15a15d2d3874a6c3ddb2140ac9f3bc7058428"
		},
		{
			"ImportPath": "k8s.io/api/rbac/v1",
			"Rev": "6db15a15d2d3874a6c3ddb2140ac9f3bc7058428"
		},
		{
			"ImportPath": "k8s.io/api/rbac/v1alpha1",
			"Rev": "6db15a15d2d3874a6c3ddb2140ac9f3bc7058428"
		},
		{
			"ImportPath": "k8s.io/api/rbac/v1beta1",
			"Rev": "6db15a15d2d3874a6c3ddb2140ac9f3bc7058428"
		},
		{
			"ImportPath": "k8s.io/api/scheduling/v1alpha1",
			"Rev": "6db15a15d2d3874a6c3ddb2140ac9f3bc7058428"
		},
		{
			"ImportPath": "k8s.io/api/scheduling/v1beta1",
			"Rev": "6db15a15d2d3874a6c3ddb2140ac9f3bc7058428"
		},
		{
			"ImportPath": "k8s.io/api/settings/v1alpha1",
			"Rev": "6db15a15d2d3874a6c3ddb2140ac9f3bc7058428"
		},
		{
			"ImportPath": "k8s.io/api/storage/v1",
			"Rev": "6db15a15d2d3874a6c3ddb2140ac9f3bc7058428"
		},
		{
			"ImportPath": "k8s.io/api/storage/v1alpha1",
			"Rev": "6db15a15d2d3874a6c3ddb2140ac9f3bc7058428"
		},
		{
			"ImportPath": "k8s.io/api/storage/v1beta1",
			"Rev": "6db15a15d2d3874a6c3ddb2140ac9f3bc7058428"
		},
		{
			"ImportPath": "k8s.io/apimachinery/pkg/api/apitesting",
			"Rev": "01f179d85dbce0f2e0e4351a92394b38694b7cae"
		},
		{
			"ImportPath": "k8s.io/apimachinery/pkg/api/apitesting/fuzzer",
			"Rev": "01f179d85dbce0f2e0e4351a92394b38694b7cae"
		},
		{
			"ImportPath": "k8s.io/apimachinery/pkg/api/apitesting/roundtrip",
			"Rev": "01f179d85dbce0f2e0e4351a92394b38694b7cae"
		},
		{
			"ImportPath": "k8s.io/apimachinery/pkg/api/equality",
			"Rev": "01f179d85dbce0f2e0e4351a92394b38694b7cae"
		},
		{
			"ImportPath": "k8s.io/apimachinery/pkg/api/errors",
			"Rev": "01f179d85dbce0f2e0e4351a92394b38694b7cae"
		},
		{
			"ImportPath": "k8s.io/apimachinery/pkg/api/meta",
			"Rev": "01f179d85dbce0f2e0e4351a92394b38694b7cae"
		},
		{
			"ImportPath": "k8s.io/apimachinery/pkg/api/resource",
			"Rev": "01f179d85dbce0f2e0e4351a92394b38694b7cae"
		},
		{
			"ImportPath": "k8s.io/apimachinery/pkg/apis/meta/fuzzer",
			"Rev": "01f179d85dbce0f2e0e4351a92394b38694b7cae"
		},
		{
			"ImportPath": "k8s.io/apimachinery/pkg/apis/meta/internalversion",
			"Rev": "01f179d85dbce0f2e0e4351a92394b38694b7cae"
		},
		{
			"ImportPath": "k8s.io/apimachinery/pkg/apis/meta/v1",
			"Rev": "01f179d85dbce0f2e0e4351a92394b38694b7cae"
		},
		{
			"ImportPath": "k8s.io/apimachinery/pkg/apis/meta/v1/unstructured",
			"Rev": "01f179d85dbce0f2e0e4351a92394b38694b7cae"
		},
		{
			"ImportPath": "k8s.io/apimachinery/pkg/apis/meta/v1beta1",
			"Rev": "01f179d85dbce0f2e0e4351a92394b38694b7cae"
		},
		{
			"ImportPath": "k8s.io/apimachinery/pkg/conversion",
			"Rev": "01f179d85dbce0f2e0e4351a92394b38694b7cae"
		},
		{
			"ImportPath": "k8s.io/apimachinery/pkg/conversion/queryparams",
			"Rev": "01f179d85dbce0f2e0e4351a92394b38694b7cae"
		},
		{
			"ImportPath": "k8s.io/apimachinery/pkg/fields",
			"Rev": "01f179d85dbce0f2e0e4351a92394b38694b7cae"
		},
		{
			"ImportPath": "k8s.io/apimachinery/pkg/labels",
			"Rev": "01f179d85dbce0f2e0e4351a92394b38694b7cae"
		},
		{
			"ImportPath": "k8s.io/apimachinery/pkg/runtime",
			"Rev": "01f179d85dbce0f2e0e4351a92394b38694b7cae"
		},
		{
			"ImportPath": "k8s.io/apimachinery/pkg/runtime/schema",
			"Rev": "01f179d85dbce0f2e0e4351a92394b38694b7cae"
		},
		{
			"ImportPath": "k8s.io/apimachinery/pkg/runtime/serializer",
			"Rev": "01f179d85dbce0f2e0e4351a92394b38694b7cae"
		},
		{
			"ImportPath": "k8s.io/apimachinery/pkg/runtime/serializer/json",
			"Rev": "01f179d85dbce0f2e0e4351a92394b38694b7cae"
		},
		{
			"ImportPath": "k8s.io/apimachinery/pkg/runtime/serializer/protobuf",
			"Rev": "01f179d85dbce0f2e0e4351a92394b38694b7cae"
		},
		{
			"ImportPath": "k8s.io/apimachinery/pkg/runtime/serializer/recognizer",
			"Rev": "01f179d85dbce0f2e0e4351a92394b38694b7cae"
		},
		{
			"ImportPath": "k8s.io/apimachinery/pkg/runtime/serializer/streaming",
			"Rev": "01f179d85dbce0f2e0e4351a92394b38694b7cae"
		},
		{
			"ImportPath": "k8s.io/apimachinery/pkg/runtime/serializer/versioning",
			"Rev": "01f179d85dbce0f2e0e4351a92394b38694b7cae"
		},
		{
			"ImportPath": "k8s.io/apimachinery/pkg/selection",
			"Rev": "01f179d85dbce0f2e0e4351a92394b38694b7cae"
		},
		{
			"ImportPath": "k8s.io/apimachinery/pkg/types",
			"Rev": "01f179d85dbce0f2e0e4351a92394b38694b7cae"
		},
		{
			"ImportPath": "k8s.io/apimachinery/pkg/util/cache",
			"Rev": "01f179d85dbce0f2e0e4351a92394b38694b7cae"
		},
		{
			"ImportPath": "k8s.io/apimachinery/pkg/util/clock",
			"Rev": "01f179d85dbce0f2e0e4351a92394b38694b7cae"
		},
		{
			"ImportPath": "k8s.io/apimachinery/pkg/util/diff",
			"Rev": "01f179d85dbce0f2e0e4351a92394b38694b7cae"
		},
		{
			"ImportPath": "k8s.io/apimachinery/pkg/util/errors",
			"Rev": "01f179d85dbce0f2e0e4351a92394b38694b7cae"
		},
		{
			"ImportPath": "k8s.io/apimachinery/pkg/util/framer",
			"Rev": "01f179d85dbce0f2e0e4351a92394b38694b7cae"
		},
		{
			"ImportPath": "k8s.io/apimachinery/pkg/util/httpstream",
			"Rev": "01f179d85dbce0f2e0e4351a92394b38694b7cae"
		},
		{
			"ImportPath": "k8s.io/apimachinery/pkg/util/httpstream/spdy",
			"Rev": "01f179d85dbce0f2e0e4351a92394b38694b7cae"
		},
		{
			"ImportPath": "k8s.io/apimachinery/pkg/util/intstr",
			"Rev": "01f179d85dbce0f2e0e4351a92394b38694b7cae"
		},
		{
			"ImportPath": "k8s.io/apimachinery/pkg/util/json",
			"Rev": "01f179d85dbce0f2e0e4351a92394b38694b7cae"
		},
		{
			"ImportPath": "k8s.io/apimachinery/pkg/util/mergepatch",
			"Rev": "01f179d85dbce0f2e0e4351a92394b38694b7cae"
		},
		{
			"ImportPath": "k8s.io/apimachinery/pkg/util/naming",
			"Rev": "01f179d85dbce0f2e0e4351a92394b38694b7cae"
		},
		{
			"ImportPath": "k8s.io/apimachinery/pkg/util/net",
			"Rev": "01f179d85dbce0f2e0e4351a92394b38694b7cae"
		},
		{
			"ImportPath": "k8s.io/apimachinery/pkg/util/remotecommand",
			"Rev": "01f179d85dbce0f2e0e4351a92394b38694b7cae"
		},
		{
			"ImportPath": "k8s.io/apimachinery/pkg/util/runtime",
			"Rev": "01f179d85dbce0f2e0e4351a92394b38694b7cae"
		},
		{
			"ImportPath": "k8s.io/apimachinery/pkg/util/sets",
			"Rev": "01f179d85dbce0f2e0e4351a92394b38694b7cae"
		},
		{
			"ImportPath": "k8s.io/apimachinery/pkg/util/strategicpatch",
			"Rev": "01f179d85dbce0f2e0e4351a92394b38694b7cae"
		},
		{
			"ImportPath": "k8s.io/apimachinery/pkg/util/validation",
			"Rev": "01f179d85dbce0f2e0e4351a92394b38694b7cae"
		},
		{
			"ImportPath": "k8s.io/apimachinery/pkg/util/validation/field",
			"Rev": "01f179d85dbce0f2e0e4351a92394b38694b7cae"
		},
		{
			"ImportPath": "k8s.io/apimachinery/pkg/util/wait",
			"Rev": "01f179d85dbce0f2e0e4351a92394b38694b7cae"
		},
		{
			"ImportPath": "k8s.io/apimachinery/pkg/util/yaml",
			"Rev": "01f179d85dbce0f2e0e4351a92394b38694b7cae"
		},
		{
			"ImportPath": "k8s.io/apimachinery/pkg/version",
			"Rev": "01f179d85dbce0f2e0e4351a92394b38694b7cae"
		},
		{
			"ImportPath": "k8s.io/apimachinery/pkg/watch",
			"Rev": "01f179d85dbce0f2e0e4351a92394b38694b7cae"
		},
		{
			"ImportPath": "k8s.io/apimachinery/third_party/forked/golang/json",
			"Rev": "01f179d85dbce0f2e0e4351a92394b38694b7cae"
		},
		{
			"ImportPath": "k8s.io/apimachinery/third_party/forked/golang/netutil",
			"Rev": "01f179d85dbce0f2e0e4351a92394b38694b7cae"
		},
		{
			"ImportPath": "k8s.io/apimachinery/third_party/forked/golang/reflect",
			"Rev": "01f179d85dbce0f2e0e4351a92394b38694b7cae"
		},
		{
			"ImportPath": "k8s.io/kube-openapi/pkg/util/proto",
			"Rev": "0cf8f7e6ed1d2e3d47d02e3b6e559369af24d803"
		}
	]
}
